businessDD004accc3-7bc3-4053-9433-ee3452522082.txt,business,media,,,,,
businessDD00cc91c2-00e2-4fbc-bedd-3f6ee7dab719.txt,business,politics,,,,,
businessDD015d47ef-9fe1-4c9d-92d8-9ee427058e4a.txt,americas,arts,television,,,,
businessDD01e4049b-8513-4786-8f83-4900c4a55900.txt,americas,arts,television,,,,
businessDD022fee51-d670-4f6c-8f7b-ce2377c00795.txt,real-estate,great-homes-destination,my-real-estate,,,,
businessDD02655de6-ff49-4a42-acb0-939ef19fcd04.txt,politics,the-upshot,,,,,
businessDD0291d53e-4dff-48fe-b26f-3cc957a35bbe.txt,technology,personal-tech,,,,,
businessDD03604059-1623-4262-846a-998219adc7a8.txt,sports,football-nfl,,,,,
businessDD042a1803-bbc9-4f10-b744-7585459c3976.txt,politics,the-upshot,,,,,
businessDD0435caa4-39ba-4eca-bce8-ac2a9bd42bf2.txt,travel,,,,,,
businessDD0528dd87-5b13-4f59-9429-871233200930.txt,health,well,,,,,
businessDD067d1d1f-6e31-4d76-92e3-c3f2cfdae355.txt,world,americas,at-war,terrorism,health,,
businessDD0728370f-50fe-42ec-b7ac-687418cb7f0b.txt,arts,television,,,,,
businessDD079d43c5-a79a-48ca-9b76-102dd3f2667a.txt,technology,business,bits,,,,
businessDD081200e4-30a7-4723-a101-e9289ab1c6c1.txt,arts,music,television,,,,
businessDD08217393-d247-4724-a5bb-1c2af1e0dcd5.txt,arts,books,,,,,
businessDD08610633-ce11-4042-8547-0379c2ae7374.txt,arts,books,science,education,,,
businessDD08aa232b-7aa8-463e-8a44-c5c96c99b0ca.txt,business,economy,markets,world,americas,,
businessDD0b97a143-ead1-4108-88fe-a3c2a8798bd9.txt,health,world,americas,africa,,,
businessDD0bc6cd06-aec2-47f5-b83b-f29c5c55b771.txt,arts,nyc-events-guide,,,,,
businessDD0dcf896e-6de5-46e4-b82f-70d588133b9f.txt,style,on-the-runway,,,,,
businessDD0e4104f0-b9b1-4955-aac7-311fd64683db.txt,world,americas,terrorism,,,,
businessDD0ecd724f-ff54-404c-8295-e8120198909d.txt,business,money,money-policy,,,,
businessDD0fea0348-e4ee-408f-bd33-88b4bd051834.txt,food,money-policy,,,,,
businessDD10a4c604-fca8-49db-aeaf-a38445f327ce.txt,arts,music,crime,,,,
businessDD10b4a7ae-4eb5-45cb-b294-a9faa71823c1.txt,arts,books,,,,,
businessDD117f85b4-9e84-4936-856c-593424f31b67.txt,business,bits,technology,dealbook,,,
businessDD11d236c3-4fa9-40b5-afe3-6ba78a784364.txt,world,americas,at-war,crime,,,
businessDD11f6c24a-b5ea-4edf-ace7-b0b19a6ef3c3.txt,business,dealbook,economy,,,,
businessDD1206c4c1-dc35-4003-8a25-ac30737e88e3.txt,science,world,health,well,,,
businessDD1315ad88-7417-4016-b94f-4333056d576b.txt,style,on-the-runway,,,,,
businessDD132dfa28-9087-4f5d-80d1-8e5538adecab.txt,americas,crime,movies,,,,
businessDD136c6cc4-6517-4ad1-9f1d-ec1d455f8e2f.txt,business,dealbook,entrepreneurship,,,,
businessDD1494c837-dc9c-40e0-a432-e0f19997d64c.txt,arts,music,world,terrorism,,,
businessDD15170d0f-a894-4a19-873d-66f3bca9686a.txt,arts,nyc-events-guide,,,,,
businessDD152c92c4-ff68-4c2e-9b4e-e9b581b95d50.txt,arts,books,,,,,
businessDD1544e530-3da7-4546-afcf-1a6cf78dfda3.txt,business,markets,economy,technology,,,
businessDD15d6ef36-0fd8-487d-ae00-45559d0e5230.txt,technology,personal-tech,,,,,
businessDD15f1e1a7-3f07-47cb-b20e-c980b19d86a6.txt,science,space-cosmos,arts,books,,,
businessDD16352446-8134-409c-9d76-98e266171b4c.txt,style,weddings,,,,,
businessDD16669ede-de49-46e4-ad44-604307c3ba5e.txt,sports,hockey,,,,,
businessDD1898470d-ad50-4f47-be8b-f41a634a8cdb.txt,world,politics,sinosphere,,,,
businessDD18f9ec99-c3ce-4719-9daf-0f3fe6d16c1a.txt,arts,movies,travel,,,,
businessDD19eeec7a-c91e-4fbc-9da4-117eb8617706.txt,arts,books,africa,americas,food,cooking,
businessDD1a5a301e-24d4-4194-82c3-dd93ceb9f23f.txt,world,business,dealbook,asia-pacific,americas,,
businessDD1ab86a09-c94b-4510-9937-bb5e972318d3.txt,sinosphere,,,,,,
businessDD1aece42b-274c-438e-8952-479c6a16c966.txt,technology,personal-tech,,,,,
businessDD1b8a8d7e-ee55-4688-98cf-2c5d5f269095.txt,world,travel,business,,,,
businessDD1cf0f94d-4e8d-4ed9-86a9-93c69b9c2c03.txt,travel,world,europe,,,,
businessDD1d03f771-21d3-48e7-9ed6-274f600c6b58.txt,arts,books,,,,,
businessDD1d8b5331-dfb5-494b-acd8-cfaa6818e23e.txt,politics,election,first-draft,,,,
businessDD1dcfc507-0957-43aa-94ad-a862e0dff966.txt,world,sinosphere,terrorism,africa,,,
businessDD2043826e-58dc-4d38-b158-a6f3ab50edc1.txt,real-estate,commercial-real-estate,,,,,
businessDD204ada81-2d84-41d2-a8f1-f5c668c25455.txt,world,africa,arts,books,,,
businessDD20eae70a-7832-45d6-bd3c-80d39f93e7d4.txt,arts,television,media,,,,
businessDD20ee54a5-c0f4-4cd9-b1b8-0a7395d7f5b6.txt,world,at-war,americas,politics,,,
businessDD20f7c2b5-e9e2-4505-bd92-6ab7097ddc2e.txt,business,your-money,,,,,
businessDD21ae8022-0369-4a60-86f0-7adbda2f6c6c.txt,arts,books,music,,,,
businessDD21e7036e-746a-4a2d-b213-4bd04d34cf6c.txt,politics,health,well,,,,
businessDD2202edb4-6045-4064-8b3e-74061b84895a.txt,arts,books,europe,,,,
businessDD2312e436-3b0a-4302-a285-2111394d88d6.txt,business,health,,,,,
businessDD23ba6bb3-c1fc-4245-b6a6-22bfb8d409bf.txt,style,,,,,,
businessDD23d8abfa-637e-4cc2-8d80-da157d46fa97.txt,sports,soccer,europe,,,,
businessDD23fef990-e86e-4db3-a8ff-dfd6171ff72b.txt,americas,crime,,,,,
businessDD246932f1-a10f-45b8-8cc8-61e7868ad41d.txt,technology,bits,food,,,,
businessDD252c16ba-fa9f-4477-a2f8-57c55b27e919.txt,arts,theater,books,,,,
businessDD2571bd80-bf16-426b-9c1a-3e9eb5e8ab50.txt,travel,,,,,,
businessDD262fc3f3-2c80-44ed-ba55-181b59e3f5f5.txt,europe,arts,,,,,
businessDD293a8e43-a118-4c02-b9fc-190a5ed5a3ca.txt,style,on-the-runway,world,americas,,,
businessDD2978c9af-4dd2-46e7-9bcf-688bc92eea2f.txt,sports,world,soccer,,,,
businessDD29abe101-0412-4db0-95ff-5ef7d387983e.txt,arts,world,,,,,
businessDD29c8b7e2-07e3-4a03-b8b4-587ad7c4152d.txt,arts,movies,,,,,
businessDD29d0108e-b1b2-4ef9-9a04-3b4465d365e8.txt,arts,movies,mens-style,,,,
businessDD2b04fc2b-236e-4f4d-905a-5cac19973286.txt,food,business,restaurant-search,cooking,,,
businessDD2bedbc64-914e-45dd-b289-afcae32ced84.txt,food,business,restaurant-search,cooking,,,
businessDD2bee32ee-8cb1-4828-8a35-424b5b2dd56f.txt,style,weddings,americas,,,,
businessDD2bfb015f-6426-43e9-b13b-dcf3e63b1e4f.txt,world,africa,economy,business,,,
businessDD2c73fe12-02ff-4d1f-8189-c9155c92835c.txt,arts,books,,,,,
businessDD2cfcfed2-f1f4-4bd6-a10c-445d90174d87.txt,world,middle-east,terrorism,,,,
businessDD2d476222-f4e2-4104-b5e4-fe712f8b19de.txt,business,europe,economy,dealbook,markets,automobiles,
businessDD2d7e3a5e-18f3-4bfd-8c5d-a4ddedeb5015.txt,americas,sports,baseball,,,,
businessDD2f17d186-8293-4101-a235-9b87105efa52.txt,arts,theater,nyc-events-guide,sinosphere,,,
businessDD2f695557-bfcc-4ca3-917f-e318c1b7d06d.txt,style,on-the-runway,,,,,
businessDD30029422-315b-4f29-bc98-daa672a3aac2.txt,world,asia-pacific,terrorism,,,,
businessDD30334b9b-1ed8-486a-907e-e2a1fb097243.txt,arts,books,,,,,
businessDD30958d5b-3eed-407e-8ba3-5494e1362156.txt,style,pets,,,,,
businessDD3217776a-21f3-4c1a-a4b6-4b60fc7a61ab.txt,arts,books,,,,,
businessDD321970a1-61a8-4dc5-a85b-d8e80c562713.txt,arts,,,,,,
businessDD32622423-edf6-4869-bcfd-d595679eb927.txt,style,on-the-runway,,,,,
businessDD33b54c2d-c6b8-403f-8f64-192dc9cab978.txt,real-estate,arts,television,,my-real-estate,,
businessDD34932e9b-ab54-47de-9c8c-f849e5640c3d.txt,politics,the-upshot,,,,,
businessDD356e7a10-e4f0-4eca-bf50-154743f15fcd.txt,world,at-war,europe,,,,
businessDD3692596b-9b1a-4311-b34f-86e6b1a18fd6.txt,africa,world,at-war,,,,
businessDD36d9a396-1359-406a-a856-eac64ac2dcda.txt,food,cooking,,,,,
businessDD380f4f6f-752b-4075-ab65-6b2c276720d7.txt,americas,crime,,,,,
businessDD38b21fc5-68f4-462d-8e57-22acf7658bd3.txt,arts,,,,,,
businessDD38c1c386-f320-4953-be2d-e73d6cbcf9d4.txt,arts,technology,europe,,,,
businessDD38d95a3d-dd7a-4856-b761-502eb3794a25.txt,real-estate,technology,,,,,
businessDD390945e3-30bc-403f-b5bc-483eef7f3c12.txt,arts,books,arts,music,,,
businessDD391620ef-5d0b-4cfe-b628-cd9cbbf1171b.txt,style,on-the-runway,business,markets,,,
techNewsDD0040a5b8-c0bd-4964-b522-096eb93a946d.txt,travel,,,,,,
techNewsDD00648cbe-77b0-4fad-bad4-7865c84adebb.txt,science,environment,europe,politics,,,
techNewsDD009bebf5-fd7e-4b1c-a219-1a372172d2f4.txt,weddings,style,,,,,
techNewsDD00a55c7e-ddd2-46a1-a76b-3f28efcdb470.txt,arts,nyc-events-guide,world,business,,,
techNewsDD00be09c1-8621-4cb2-988d-6b29da3d3c71.txt,travel,arts,,,,,
techNewsDD0137d1ef-035c-4ef9-b671-6a871a97f671.txt,business,americas,food,,,,
techNewsDD016de449-b5b8-43aa-8308-df5950b7356f.txt,terrorism,americas,world,politics,,,
techNewsDD021bcded-7777-46d9-9158-cfdc1b2f8a59.txt,food,business,markets,,,,
techNewsDD0220e046-7912-4536-83c0-75c5a24764b2.txt,science,space-cosmos,,,,,
techNewsDD0250d7da-c8a8-469b-8007-296210af5591.txt,world,americas,at-war,asia-pacific,,,
techNewsDD028e6f7f-c928-4f22-99cc-e5431a1e7418.txt,arts,books,,,,,
techNewsDD02d30b4a-3d9d-4055-8c4f-32f586ac2236.txt,world,politics,at-war,election,,,
techNewsDD02d5b5b9-b979-4ccf-9e8d-3922fe939429.txt,africa,at-war,terrorism,politics,,,
techNewsDD038f6363-74ea-43e2-a868-529843ada82a.txt,arts,books,,,,,
techNewsDD03b92cd6-e9fe-4181-b5de-04e411207447.txt,your-money,business,,,,,
techNewsDD04382cbd-2dba-487b-89cd-78ec009e91c0.txt,arts,theater,,,,,
techNewsDD047399b0-7642-47c3-a894-faf0b545e552.txt,arts,drama,,,,,
techNewsDD048ae47f-2064-43e9-82c6-529500b7264c.txt,style,weddings,,,,,
techNewsDD048b7a01-ca73-4648-a62b-0a4f9cbab068.txt,at-war,,,,,,
techNewsDD04a029d5-d4f0-47ec-89db-c3ca4c51c083.txt,economy,your-money,business,,,,
techNewsDD050fe3c6-1479-4d9e-85e4-1f574ee488be.txt,style,on-the-runway,,,,,
techNewsDD052f97c7-25f6-4200-975d-3028bb05f2b6.txt,americas,crime,,,,,
techNewsDD0553199a-ef37-4ebc-b97b-7e0157a63943.txt,arts,music,,,,,
techNewsDD05710934-e829-4277-9f70-b595fd107317.txt,media,weddings,style,,,,
techNewsDD05717b74-5714-4998-b869-4be66106c9f1.txt,sports,football-college,,,,,
techNewsDD05b915b1-6099-4d54-b813-62e1dde0cc3a.txt,americas,at-war,,,,,
techNewsDD0697c092-b584-4c43-b553-e79e16ed3798.txt,business,media,markets,style,entrepreneurship,,
techNewsDD06a34997-063c-4b4e-a6eb-759eb24bc567.txt,arts,movies,nyc-events-guide,,,,
techNewsDD06acac4e-c1aa-44be-b8fe-b70c8e6773d6.txt,arts,books,,,,,
techNewsDD06cdb5d5-86af-43b3-81b2-b7ae4076f036.txt,media,at-war,americas,politics,,,
techNewsDD06d49a85-3e8c-4760-b9b7-8368ece92412.txt,business,economy,your-money,,,,
techNewsDD06e6ccc4-1dd5-4778-b847-0a8adb34b851.txt,at-war,americas,,,,,
techNewsDD072a2384-a51b-4cd7-aec9-c459be20978d.txt,media,arts,,,,,
techNewsDD0782cc15-b1af-4f9e-b12a-a4db44333ab1.txt,sports,football-college,americas,,,,
techNewsDD0798de38-adf6-423d-ad44-ca828b748321.txt,europe,at-war,terrorism,,,,
techNewsDD085f04fb-2346-465c-86be-2ea26e67b656.txt,asia-pacific,americas,at-war,,,,
techNewsDD098608c8-8c36-4e30-bb1c-e86349e496ed.txt,politics,media,,,,,
techNewsDD09b46324-4644-42da-853b-87349b1e8898.txt,asia-pacific,media,crime,,,,
techNewsDD09bbb195-e6fb-48d0-84ad-8b104741c90c.txt,arts,books,travel,,,,
techNewsDD09dc0622-26aa-4463-94d8-dc5a6f4bd934.txt,the-upshot,,,,,,
techNewsDD0a3da9a2-6b1d-4d3c-9c30-288bc19fb118.txt,travel,nyc-events-guide,,,,,
techNewsDD0a4b509d-a438-4afa-ae76-1c62423fd2f4.txt,asia-pacific,americas,at-war,,,,
techNewsDD0a626a69-605a-440a-9eb8-75d23b7d1a0d.txt,health,well,,,,,
techNewsDD0b082304-640c-40d7-a22c-d8739855031c.txt,food,cooking,,,,,
techNewsDD0b3daa30-3739-40f4-8349-96b9be1c7c77.txt,economy,your-money,,,,,
techNewsDD0b75e34c-0bf0-4af6-ae80-15bc96e65be7.txt,style,media,,,,,
techNewsDD0b9458f9-355c-4088-a91b-7e9094e3827d.txt,business,food,cooking,entrepreneurship,,,
techNewsDD0c05dc4e-e7a5-4691-a378-903014fbb246.txt,sports,soccer,,,,,
techNewsDD0c128bb5-95ba-4cf7-a98b-516635632743.txt,media,economy,business,dealbook,,,
techNewsDD0c23dd78-24c9-4cd7-9b4d-49f9b8d77f74.txt,technology,europe,science,environment,,,
techNewsDD0c386f43-5efe-4993-b96b-e7aedf731551.txt,pets,style,,,,,
techNewsDD0d2b9059-79df-43cd-9706-c52e7c6bd791.txt,travel,nyc-events-guide,,,,,
techNewsDD0d534486-da13-4f1e-9544-99842dde4528.txt,arts,art-design,americas,,,,
techNewsDD0dc2eb09-ab20-48ed-878d-f41989a9da1f.txt,arts,books,,,,,
techNewsDD0dd232af-4a0e-4a4f-90bd-51c97e4f7233.txt,politics,americas,election,,,,
techNewsDD0e205665-1064-4188-a2ed-bca946926fad.txt,business,health,food,well,,,
techNewsDD0e2c4649-8f54-4573-8bd2-7cca19c52c43.txt,arts,books,health,well,,,
techNewsDD0e8f3fc9-6c0a-4d30-bd9c-9ece6c266549.txt,health,well,americas,,,,
techNewsDD0e90ae3f-9d33-41aa-b110-063a8401c64d.txt,science,environment,americas,,,,
techNewsDD0eb61cb7-f4c3-418a-bd21-271f16cd47c5.txt,technology,personal-tech,business,markets,food,pets,style
techNewsDD0f109a14-8c01-4b1f-93eb-5479d4e81c2c.txt,media,arts,nyc-events-guide,style,on-the-runway,,
techNewsDD0f4ce968-7fca-4f7d-851f-1df5ea88495d.txt,asia-pacific,media,sinosphere,,,,
techNewsDD0f7ffcc3-1fd9-4362-aeae-407dfc6cf6a9.txt,style,americas,on-the-runway,,,,
techNewsDD0f877dbd-d3a1-4a7d-99d2-beda5b657147.txt,terrorism,europe,world,,,,
techNewsDD1013d203-4d23-4c7f-9938-5701f5431b75.txt,science,health,well,technology,,,
techNewsDD108317f4-ab9d-4a00-80ac-ae3697edfaa4.txt,environment,economy,science,,,,
techNewsDD108f6880-70c2-4bbe-a6a4-2a86241a6462.txt,sports,football-nfl,media,,,,
techNewsDD10c8d4b4-311e-4b4a-8023-e205555deb07.txt,asia-pacific,americas,at-war,,,,
techNewsDD10d8151c-c61e-4860-96f6-f9d2b0ff6884.txt,health,media,well,economy,,,
techNewsDD10ef9801-268a-4070-9342-4684a9702e54.txt,arts,books,nyc-events-guide,,,,
techNewsDD10fd79b7-cbae-495e-b76b-664b7952269c.txt,world,europe,terrorism,at-war,,,
techNewsDD1125a204-0076-4cad-a91f-9a7308c74570.txt,health,world,at-war,,,,
techNewsDD1194a1f6-3c55-4db5-a6bc-dd387d4f9ee7.txt,science,media,economy,,,,
techNewsDD11ab06c1-eb54-4fbe-94d9-4438f5d5ea84.txt,science,personal-tech,,,,,
techNewsDD11e03ace-5919-4b20-88e8-8531d54407c1.txt,media,markets,economy,asia-pacific,education,,
techNewsDD12514b59-26cd-4dcf-b9a1-e583c19e823b.txt,arts,books,asia-pacific,election,politics,,
techNewsDD1283d138-c7a0-4956-bea1-0d3b6e50d9e4.txt,arts,movies,americas,media,,,
techNewsDD132c86cf-b1f6-4223-9db9-46dbb5bc7507.txt,real-estate,commercial-real-estate,media,style,,,
techNewsDD132fdd02-8738-4cb6-b52d-9419f20933d3.txt,automobiles,business,markets,,,,
techNewsDD13463248-113e-4bf6-b84d-968539d66225.txt,sports,basketball-nba,,,,,
techNewsDD1384bf8d-a20f-4bab-b37e-04faf4613ab1.txt,media,health,well,americas,,,
techNewsDD13927962-b262-43f9-b44f-1f73252b8c76.txt,arts,books,,,,,
techNewsDD13be8130-1331-4833-99d6-be63b49fdd03.txt,health,health-guide,well,asia-pacific,,,
techNewsDD13cf3b1f-ee31-42d4-8286-4092f6362e00.txt,europe,terrorism,at-war,americas,,,
techNewsDD1416f95a-7098-47da-87c8-1da9e0e938df.txt,environment,science,europe,economy,,,
techNewsDD14489d76-164e-410e-829e-03d1385f3303.txt,sports,soccer,world,americas,europe,,
techNewsDD14f22780-1d39-4838-8a1c-c9029a342526.txt,media,americas,,,,,
techNewsDD14fe4243-0952-43e0-a6a8-44e6c1f6adf8.txt,arts,media,,,,,
techNewsDD1509e816-c79f-4ac5-beff-8dc0548c0437.txt,arts,nyc-events-guide,business,dealbook,,,
techNewsDD150b796c-99f0-4db4-abb1-18a57101ebe3.txt,europe,terrorism,at-war,,,,
techNewsDD1564cb26-6a32-47bf-b195-8a39a8346f2f.txt,americas,at-war,economy,business,,,
techNewsDD15667996-21ff-4d5e-992d-6b7057265282.txt,media,markets,business,economy,,,
techNewsDD158275ba-4a3e-4d71-825d-6b2e31c417e6.txt,arts,books,,,,,
techNewsDD15951dcf-1699-4e6b-ab24-fee7d1d4ed56.txt,europe,at-war,politics,election,,,
techNewsDD163513bd-03a0-4fa2-8441-c50fbcb0dba4.txt,world,asia-pacific,india-ink,,,,
techNewsDD16cd82d3-1115-45b5-be2a-5244d65dcc77.txt,style,weddings,on-the-runway,,,,
techNewsDD17271829-6f03-4153-a5d2-dadd025deb89.txt,science,environment,well,health-guide,health,,
techNewsDD17884025-913e-493c-bc20-d187cc42bec1.txt,media,arts,,,,,
techNewsDD197a7843-62b1-49c1-b58f-a78d0c2807c8.txt,asia-pacific,technology,markets,business,bits,,
techNewsDD19c776bc-b665-474f-9628-abbf19229ea2.txt,americas,at-war,media,,,,
sportsDD002a5893-8254-4d95-a20c-c32a91aeb6af.txt,politics,at-war,americas,terrorism,,,
sportsDD00369ee3-ffd3-4b3d-95b7-69af5af235e4.txt,sports,football,,,,,
sportsDD004dc6a3-083c-4081-994d-d9cd61d58144.txt,world,terrorism,politics,europe,americas,,
sportsDD009c484c-e22f-49ba-b29d-d8e9fac700a4.txt,americas,at-war,terrorism,,,,
sportsDD00bb9293-1a7a-45c0-91dc-6cd938621391.txt,science,health,well,,,,
sportsDD011cedbb-70fe-4279-a3c4-a3e30225ae2d.txt,business,media,,,,,
sportsDD0129f81a-3681-47b2-a040-0300f6a1d36f.txt,sports,hockey,,,,,
sportsDD0151d4b1-f4ad-41ac-8708-f476d973990c.txt,sports,football-nfl,,,,,
sportsDD018948a9-2a2a-406c-9639-e7362a2b6b1f.txt,sports,football-college,,,,,
sportsDD02def193-f87a-41ce-afe5-fe1e26e59459.txt,europe,terrorism,at-war,,,,
sportsDD033c6612-2606-45cb-8cb1-fe6a4421bc51.txt,sports,business,soccer,politics,,,
sportsDD035e6829-c767-46b2-874c-646dd34b5e72.txt,sports,basketball-nba,,,,,
sportsDD037be01f-d01f-471f-9a57-c47b89579e27.txt,sports,golf,world,europe,,,
sportsDD03965b96-30a9-4edc-a805-de61d69818ec.txt,travel,,,,,,
sportsDD042b5871-d85d-461f-81d9-87d14ef00c8d.txt,sports,soccer,,,,,
sportsDD04b6ff5f-3cd4-4a31-83bc-55cb99d5141d.txt,world,asia-pacific,middle-east,at-war,,,
sportsDD0577df95-f9d6-40e9-b500-dbb6428bf800.txt,arts,books,,,,,
sportsDD05b60bf9-5c6e-4285-8c55-98d88901b039.txt,science,technology,education,,,,
sportsDD05c7a386-a3d3-4e6e-8648-92c683d5efe9.txt,science,health,well,,,,
sportsDD0619c9a1-c838-48a0-ba3f-159c599ad529.txt,business,food,economy,markets,,,
sportsDD0644d0ff-38d9-4af1-b31f-9ba43068f02a.txt,science,environment,world,europe,business,dealbook,
sportsDD06c9a5cd-51a9-4110-9a99-a8a614718c56.txt,arts,nyc-events-guide,,,,,
sportsDD07276872-f0cb-436b-9056-01a2287fef63.txt,americas,at-war,politics,business,,,
sportsDD074652fe-0717-425c-9418-e7c322f03a49.txt,sports,baseball,,,,,
sportsDD074827ef-b22f-4b57-bca8-964bf436ad9d.txt,sports,basketball-college,,,,,
sportsDD07bd9b4e-b9be-4cb1-bcff-1401734c901e.txt,technology,bits,,,,,
sportsDD07d548d5-0b3b-43f2-83ef-aa078d371d1d.txt,sports,football-college,,,,,
sportsDD0878626e-fd42-40d7-a925-205d1d38628c.txt,sports,hockey,arts,music,,,
sportsDD089691a7-7ed3-4325-aed4-fe074f2a647b.txt,sports,soccer,europe,,,,
sportsDD08b66357-f899-41d2-bdcc-92fc096497f1.txt,sports,baseball,,,,,
sportsDD08f8b792-8e3c-40aa-ae4f-9aa92d41f4ca.txt,sports,basketball-college,,,,,
sportsDD0932c282-9a46-4391-93a1-a107365de1ea.txt,world,at-war,,,,,
sportsDD097c5d87-1b15-4f12-861b-8a411052b3c6.txt,business,automobiles,dealbook,sports,,,
sportsDD09a6a594-7288-4b43-9094-12e024505aab.txt,health,beauty,americas,,,,
sportsDD09b350d6-13e9-4263-b0e7-c3a8ad8c40ed.txt,style,health,well,,,,
sportsDD09bedd28-120f-4fa4-b318-512f530ab162.txt,arts,books,,,,,
sportsDD09d45458-8a1d-4f82-94ea-9eda3ded851a.txt,sports,hockey,americas,,,,
sportsDD0a00f85b-83b5-4787-8b96-0ca771a8bf2e.txt,sports,basketball-nba,,,,,
sportsDD0acedd05-e0a0-4574-9c5e-1f78187f9566.txt,sports,baseball,,,,,
sportsDD0add3bbf-23e7-4457-825f-6d192e907f45.txt,sports,football-college,,,,,
sportsDD0b58279a-c69e-4b38-9d80-8883a0a609e6.txt,politics,election,science,environment,,,
sportsDD0b700150-7f7b-4699-9249-4db9a9ab0a0a.txt,business,your-money,politics,,,,
sportsDD0ba37380-9699-4cf4-945a-bb150150b4ab.txt,sports,football-nfl,,,,,
sportsDD0bb82c59-0853-4f3f-98b8-bc9650c5adf2.txt,sports,football-college,,,,,
sportsDD0bffca3d-b2fc-48c6-889f-965c8a9970e7.txt,arts,nyc-events-guide,,,,,
sportsDD0c48e680-823b-4bac-8213-c15aaae98ce5.txt,arts,nyc-events-guide,books,,,,
sportsDD0ca58518-881e-40a9-a03c-7e4a9969b0fb.txt,sports,basketball-nba,,,,,
sportsDD0d05a16c-ad7b-441e-9704-2e2c0efa35ec.txt,arts,books,media,business,,,
sportsDD0d31a60f-c4ea-43c8-ab20-8a8a32048138.txt,health,americas,,,,,
sportsDD0d71e7c1-ee3e-4083-86a3-79cd5448c17f.txt,arts,books,americas,politics,,,
sportsDD0d733cc0-a54c-4b8e-815b-e2033f8e9b57.txt,world,europe,science,environment,,,
sportsDD0d82654c-2201-4495-b2b9-1c5f194f446b.txt,sports,football-nfl,,,,,
sportsDD0d95d37a-a953-4ede-9920-8355cc1ad6c4.txt,technology,bits,business,,,,
sportsDD0d97e3f7-66d0-4095-8992-dc7ed6d14025.txt,arts,nyc-events-guide,technology,business,bits,economy,
sportsDD0e1d901f-85c9-4a59-a1f0-a3abd2dd4489.txt,sports,baseball,,,,,
sportsDD0e4655b6-21f8-4e13-978b-0bf568bfcb48.txt,arts,books,,,,,
sportsDD0e5917eb-5bd1-48d7-a900-28b612dc872e.txt,technology,bits,arts,art-design,,,
sportsDD0e8cbcf8-a24b-470e-839e-0f6138f45db5.txt,sports,hockey,,,,,
sportsDD0eaababa-828a-4c2f-8cc5-becb29b373a2.txt,sports,football-college,,,,,
sportsDD0ee7811d-a3dc-4358-b41d-1d48f2ebefee.txt,science,environment,,,,,
sportsDD0f7f4608-ac6a-4539-afed-0943faa63910.txt,business,economy,politics,election,,,
sportsDD0f83ec7b-2d01-41fb-8f3b-c1b989de563e.txt,world,asia-pacific,at-war,terrorism,,,
sportsDD0fb922b7-ab21-4bbf-9a3f-e466c6c598bd.txt,sports,hockey,,,,,
sportsDD0fce814a-6cb1-4497-bdaf-e008f77a9ff9.txt,technology,personal-tech,,,,,
sportsDD0fd366ae-d9bd-42a2-8d4e-7a5438edfb30.txt,style,pets,,,,,
sportsDD1007a6fd-069a-481d-aca1-4b2c90132b16.txt,style,television,arts,,,,
sportsDD10121a4a-d844-4590-ae1b-178f6624cec0.txt,style,health,well,weddings,,,
sportsDD1013a174-2f7c-40d9-843c-00da4d3a4102.txt,world,science,environment,politics,business,,
sportsDD102c7eef-22f3-432a-a863-94c62cec5f63.txt,sports,soccer,politics,,,,
sportsDD104883aa-a326-4956-8831-73366a811545.txt,sports,soccer,politics,,,,
sportsDD1093656b-4629-432b-a6a5-698b8355f3c4.txt,health,well,,,,,
sportsDD10ae33bd-91bf-4a65-af4f-2b4e3b286f0a.txt,sports,tennis,,,,,
sportsDD10eafa38-ef8a-4e1b-9480-12ebfc69bb8a.txt,sports,basketball-college,,,,,
sportsDD110ead7a-aaee-4f65-878a-4c36908760b2.txt,sports,baseball,,,,,
sportsDD1130b2f0-0057-4438-8c27-b9947f3040a3.txt,americas,health,well,,,,
sportsDD119def8d-e306-4d50-97dd-0825e0010ac7.txt,americas,science,environment,politics,,,
sportsDD11baa336-5aaa-448f-8f1f-5cea1072df43.txt,arts,books,,,,,
sportsDD11beffd0-42a6-4d25-91e8-33f696345985.txt,business,automobiles,technology,bits,entrepreneurship,,
sportsDD11df664b-8887-4607-8b53-d4fd58f7b128.txt,politics,at-war,terrorism,americas,,,
sportsDD123f5c82-620c-415c-9034-117ade7eb65c.txt,arts,art-design,europe,business,,,
sportsDD1248b24d-30ea-4a9d-904d-0893975be3f1.txt,style,weddings,,,,,
sportsDD12919b63-a633-4fe9-a480-3801f856544d.txt,arts,nyc-events-guide,food,restaurant-search,,,
sportsDD12d379ea-391b-49d1-a049-7207149af948.txt,sports,baseball,,,,,
sportsDD12de2b7f-d69c-4c97-85f8-1f3d87ac441b.txt,sports,tennis,europe,,,,
sportsDD13344237-89db-417d-ade4-867ce10e21b1.txt,world,asia-pacific,at-war,,,,
sportsDD1338569d-6afa-4172-856c-2c14d2a5e442.txt,arts,nyc-events-guide,music,,,,
sportsDD13521ece-84ea-4a24-9f45-5e76362ce5fc.txt,europe,science,environment,politics,,,
sportsDD13706fca-f8c7-4bbd-88cc-6f3881da9464.txt,politics,election,,,,,
sportsDD1386f9b6-98e3-482a-8f34-b9e1d6af9a0d.txt,world,middle-east,terrorism,at-war,,,
sportsDD13952bc6-c021-43d3-ba77-b6030c9754d0.txt,science,education,,,,,
sportsDD139f5567-60d9-4e54-841a-8a5571d12470.txt,sports,soccer,americas,europe,,,
sportsDD13d60bcc-0020-4a57-8969-8ea657358189.txt,arts,nyc-events-guide,,,,,
sportsDD13ea46fc-b4fa-4a2a-a965-df592eb9a6bf.txt,americas,at-war,terrorism,,,,
sportsDD13fbd868-f662-4cb1-9ad9-01c271c7201e.txt,arts,books,,,,,
sportsDD142e092c-b121-40e3-92e7-2f00417eae25.txt,sports,football-college,,,,,
sportsDD14f06ad3-6d41-4172-a027-382e4c453ce1.txt,sports,football-nfl,business,,,,
sportsDD14f1d07c-f630-4bd9-bffe-6610faec1c10.txt,health,at-war,americas,well,,,
sportsDD152a0168-ea3c-4a7c-a1df-cc216ef1cb0d.txt,science,environment,europe,world,,,
sportsDD1563cbc6-0943-45b3-b09c-d7816f9dcb16.txt,science,environment,education,,,,
sportsDD157ab800-40e9-4ca8-a3c8-f0a4cf06d4d3.txt,business,economy,markets,,,,
sportsDD1584ba46-fd6f-4570-8e16-6badbb525c0c.txt,world,europe,politics,election,,,
sportsDD15c550e7-3582-48d8-b575-b35518cd2aa8.txt,arts,nyc-events-guide,health,well,,,
sportsDD15da02b7-d69d-4f27-8f92-59aa51e7a929.txt,sports,basketball-college,,,,,
sportsDD165624ce-080d-45ea-865e-6d6dffda7ccb.txt,arts,nyc-events-guide,music,,,,
sportsDD16606d4e-b291-472f-ae26-9c426219f373.txt,arts,theater,,,,,
sportsDD1687deac-ed4e-455b-b0f9-f44ff01f2684.txt,sports,baseball,world,politics,,,
sportsDD170cebb5-5bd3-4977-ba47-be72d40370a4.txt,world,europe,at-war,terrorism,,,
sportsDD17102c5a-6907-4c58-a360-a2a92c9dbc37.txt,arts,books,,,,,
sportsDD171ecd9e-9121-4478-bd8f-f3ca52e44ca6.txt,science,health,technology,bits,,,
sportsDD1721afe3-fa10-49b5-b98d-4c2b697d2ed2.txt,sports,football-nfl,,,,,
sportsDD172203a2-4dca-4e46-8b0d-87d0e90fcc8f.txt,sports,baseball,,,,,
sportsDD174af031-a002-4f6a-9847-a0c35ce69fb1.txt,arts,television,business,movies,,,
sportsDD17abd18a-b860-484b-b316-b6dfc96f55f9.txt,americas,politics,middle-east,europe,at-war,terrorism,
sportsDD17cf34cd-d9ad-4ed9-be3b-bfc9957e402e.txt,science,environment,business,energy,markets,,
sportsDD182f27c6-238b-492e-a0f0-e34004feae6d.txt,sports,hockey,,,,,
sportsDD1845e79e-7015-4037-95f9-7e40293eabc8.txt,politics,americas,crime,business,,,
sportsDD188bac78-7e9b-463e-8940-04f680c02973.txt,business,americas,food,,,,
sportsDD18db341c-482c-41a4-900e-38fcfa9cc398.txt,world,africa,at-war,terrorism,politics,,
sportsDD18ed3c83-8c0c-4c72-acab-30d84fa51224.txt,world,asia-pacific,at-war,terrorism,americas,,
sportsDD19090c41-205b-4ebf-b9cc-051c131e713d.txt,sports,basketball-college,,,,,
sportsDD191a4b92-3f3b-4811-8650-c1228b0fe589.txt,technology,personal-tech,business,,,,
sportsDD19321ea8-3c46-492b-aebe-ee170e9653dd.txt,sports,hockey,,,,,
sportsDD1936186f-d2fc-4b26-bed8-1a46b0ac8e91.txt,sports,baseball,,,,,
sportsDD1955cb0f-503e-438b-9c26-dc52421c612f.txt,technology,bits,business,entrepreneurship,,,
sportsDD198c5ee9-8336-4be4-a16c-e2e9c5371804.txt,style,weddings,,,,,
sportsDD19e7ff92-dc09-401b-9bae-44207ff9164a.txt,sports,baseball,,,,,
sportsDD1a15edec-3996-4c85-880d-75fb78c5d56d.txt,sports,golf,,,,,
sportsDD1a16d185-1d32-494b-b1f7-76bed2d99ee7.txt,business,media,economy,,,,
sportsDD1a1e9e82-10ef-4cc2-bb40-c28999ed9329.txt,americas,at-war,terrorism,,,,
sportsDD1a736b05-7bb7-474e-8089-4baff212f76a.txt,sports,football-college,,,,,
sportsDD1ab849ea-160c-49a4-bdb2-8a65ef703ddb.txt,food,cooking,,,,,
sportsDD1ad77a78-042c-466f-8410-0b2870b25355.txt,arts,movies,,,,,
sportsDD1ad85a65-58aa-4de8-a9fe-d2e8c8d04649.txt,world,business,sinosphere,dealbook,markets,,
sportsDD1ae37e21-95ab-424a-b955-88f5bbad769e.txt,sports,football-nfl,,,,,
sportsDD1b4064fb-7987-4d43-b24a-0ffbe2344035.txt,arts,nyc-events-guide,,,,,
sportsDD1b450af8-6157-4b04-8d2c-cdddcc959721.txt,americas,at-war,politics,,,,
sportsDD1b71d4dc-442c-4065-98ad-b19a2a045051.txt,sports,football-college,,,,,
sportsDD1b729eb2-70ce-4d81-bfc1-f9277e41f234.txt,business,economy,politics,markets,,,
sportsDD1b7ccdec-ae2c-41bc-bffe-d1b33b5cf0af.txt,education,at-war,technology,,,,
sportsDD1bb4f948-a8ef-431e-a15a-4e994a848046.txt,sports,basketball-college,,,,,
sportsDD1bcfaedf-3ee1-41c5-8df9-3ff60721fc58.txt,arts,nyc-events-guide,politics,,,,
sportsDD1c1dbd07-f29b-4481-956d-daabf0ca2624.txt,americas,crime,at-war,,,,
sportsDD1c875ee0-6e16-4afd-aec3-f315ffe7fad4.txt,arts,dance,at-war,,,,
sportsDD1d35de08-ea53-49d8-b809-e225da2fd1dc.txt,politics,crime,at-war,americas,europe,,
sportsDD1d6eb0b3-ae4c-4525-a8fe-bca98f5ddd32.txt,business,automobiles,,,,,
sportsDD1d8d002d-527c-4ee2-89e9-37b3099a01ea.txt,sports,baseball,,,,,
sportsDD1d9215df-8b78-47bb-9142-e207f73f07cd.txt,arts,nyc-events-guide,,,,,
sportsDD1dd184b4-8613-4b34-8e9a-a3ff7699fedf.txt,world,middle-east,at-war,politics,,,
sportsDD1e21b5d9-9186-4487-a6fd-0bf10d79900d.txt,arts,books,,,,,
sportsDD1e84cf6a-1997-43cc-ba9f-598ce7a99948.txt,travel,,,,,,
sportsDD1ea6183a-0b9d-40e5-b64c-44009f020c4f.txt,sports,football-college,,,,,
sportsDD1f14585f-7f81-4ef8-8a72-6e849c71938a.txt,politics,election,americas,business,,,
sportsDD1f48c256-4eb7-4b7e-aaef-544808d667fa.txt,sports,football-nfl,,,,,
sportsDD1fa3048f-11b7-47af-b5c9-91b12291cd54.txt,sports,football-college,,,,,
sportsDD1fc0f98d-57b2-4e04-b028-12b5ba4c737b.txt,world,asia-pacific,americas,politics,terrorism,at-war,
sportsDD1fe200be-cd4d-42ee-bbb5-520043ab7203.txt,sports,basketball-college,,,,,
sportsDD1fe89d76-05b2-4a5d-b938-33d59d7780d1.txt,europe,arts,travel,,,,
sportsDD1ffbf279-629d-4ac2-b8b8-4cd376b51383.txt,americas,crime,,,,,
sportsDD20044681-1cec-472d-b11a-c082dc810689.txt,sports,basketball-college,,,,,
sportsDD203ec6f9-aba8-4e76-9cee-548433898f07.txt,style,weddings,,,,,
sportsDD204cdaab-d6a1-43cf-bcc3-08fe08dfe55b.txt,terrorism,health,health-guide,,,,
sportsDD2089474d-4965-435c-a590-7789fbf59554.txt,sports,football-college,,,,,
sportsDD20959cac-6f10-4b06-95cb-88db35d98792.txt,sports,baseball,,,,,
sportsDD211c7ace-96f0-4a76-8692-d2ed6fa50c9f.txt,business,media,,,,,
sportsDD2140b8b7-c347-4c57-94a4-b7267842ce94.txt,europe,travel,,,,,
sportsDD21583971-d7c3-41cc-aef9-a8c7755944e2.txt,education,,,,,,
sportsDD21690b4c-2d67-477d-9801-d3a025ecc947.txt,world,asia-pacific,at-war,crime,europe,,
sportsDD216ef544-422e-439f-a1ea-5fc2d0184ae5.txt,health,well,technology,at-war,,,
sportsDD21b600c6-f161-4f56-88ba-a64862099f86.txt,americas,crime,at-war,,,,
sportsDD21bf9900-b662-4ecf-b250-e58186924b9d.txt,americas,crime,at-war,,,,
sportsDD21df4104-0da1-49c2-a76a-4869d024390a.txt,business,your-money,real-estate,,,,
sportsDD21e7b47e-cb73-4409-b6b2-edf026946dcb.txt,sports,baseball,,,,,
sportsDD2205ced3-7624-4541-a697-bcb661e58905.txt,health,education,,,,,
sportsDD2233661a-9888-41af-a097-313420a83056.txt,crime,americas,,,,,
sportsDD223547d5-36e3-4ebf-9009-4a58ddb489ff.txt,business,energy,europe,economy,politics,,
sportsDD22aeebce-dd55-4f70-bf09-b71ec5e4c011.txt,food,americas,,,,,
sportsDD2395df08-895e-4892-a59e-db793f45f29d.txt,europe,science,environment,energy,world,,
sportsDD239ba8de-1c32-403d-b015-573a41ccdefa.txt,sports,baseball,,,,,
sportsDD23b1738b-0ff6-4a72-a590-f1022d469d07.txt,food,americas,,,,,
sportsDD242dfc93-9773-48f5-a4b7-eef077249703.txt,business,health,health-guide,,,,
sportsDD244ddc59-3b58-43d7-873a-a6408d204f10.txt,science,education,,,,,
sportsDD2481c597-d8d5-4603-9e77-c5293b47a85d.txt,sports,soccer,business,,,,
sportsDD2495419f-c84d-430d-994c-d09b674200b2.txt,americas,at-war,terrorism,,,,
sportsDD24e62602-cc66-46d5-8af5-554865610321.txt,sports,basketball-college,,,,,
sportsDD24efe096-f206-4e84-a8c2-731341ffb6f2.txt,sports,football-college,,,,,
sportsDD257a7af1-128d-4d56-8a7a-6e01c108854f.txt,sports,basketball-nba,,,,,
sportsDD25dca7fe-b9a1-4f78-a52c-c5fe7fa9c09a.txt,arts,books,,,,,
sportsDD263f3a08-a17d-4cab-91ea-11bc34808f40.txt,media,,,,,,
sportsDD26573123-1992-486e-a6d6-1db008383ecf.txt,sports,baseball,,,,,
sportsDD2664546b-a70d-461d-8dc5-b40458caceb3.txt,food,restaurant-search,,,,,
sportsDD269d1c88-3b77-4e9b-98db-6c8a244a0c75.txt,arts,art-design,at-war,,,,
sportsDD27097ab3-4e18-4b3d-87b6-afa931644692.txt,technology,bits,,,,,
sportsDD270da5cd-6ccd-4bc6-9817-9939ab891ea6.txt,sports,baseball,,,,,
sportsDD2740cd0c-b0f7-49dc-b6ae-51f497646c79.txt,americas,politics,at-war,terrorism,,,
sportsDD27bcc348-3b78-4fa2-baad-eb5f227c987f.txt,arts,books,,,,,
sportsDD27d5b4ad-fe57-40c3-81b8-2831dca247d6.txt,sports,football-college,,,,,
sportsDD28159d41-8ade-475c-aed2-c1f0c4e5af4f.txt,world,africa,at-war,crime,politics,,
sportsDD28a56dd3-5c6f-477b-b25d-646e3866f09b.txt,sports,hockey,,,,,
politicsDD0007e8d9-1f5d-44d3-a522-ea011029163f.txt,politics,election,,,,,
politicsDD001e6998-3c2c-446a-830c-7f48e038dce3.txt,style,on-the-runway,,,,,
politicsDD00503b6b-32e8-4567-bca0-a91c99cffdbd.txt,crime,,,,,,
politicsDD0084113a-1102-413a-b14a-4fbccd4e0097.txt,arts,theater,,,,,
politicsDD00c26ce0-1887-4fd4-9255-bcfc0ecb5a3b.txt,politics,at-war,terrorism,americas,,,
politicsDD01833af2-4b2c-49e2-8190-24800d45cb24.txt,style,pets,,,,,
politicsDD01d5bae3-3646-437d-aee7-e8779b81abbc.txt,politics,terrorism,,,,,
politicsDD01e91390-e9ac-455f-a48d-153909cb0068.txt,food,cooking,,,,,
politicsDD023afd87-938b-477b-bed2-8d180118b464.txt,politics,middle-east,at-war,terrorism,,,
politicsDD02489aae-3ddd-4e95-bb27-e7d634b52330.txt,markets,automobiles,business,,,,
politicsDD02a4efb0-6b3b-4a68-a37b-91c04f3d15e1.txt,science,election,environment,,,,
politicsDD02a6ebbb-ceb4-435f-982a-85534d75bc3d.txt,business,automobiles,technology,,,,
politicsDD02d3b2df-e564-4e44-a483-18c2df57d9d2.txt,real-estate,business,,,,,
politicsDD02f58ee0-c4ab-4ed6-8abf-2387b210a7e4.txt,business,markets,dealbook,,,,
politicsDD034d3a3d-4e3a-4f58-bff2-68cf01647533.txt,terrorism,middle-east,,,,,
politicsDD03cff5e4-e97f-487e-8160-548c46b8cfc1.txt,terrorism,americas,at-war,,,,
politicsDD03ef6571-fe36-4c2a-bab2-16f5a1141f9e.txt,travel,europe,,,,,
politicsDD045c1e6c-d962-4209-910e-b995d5ec3bc4.txt,terrorism,at-war,,,,,
politicsDD04a6a2bd-e55b-4726-acc7-ec7e4803f3ad.txt,business,your-money,automobiles,,,,
politicsDD04a8112d-af1f-4257-bc94-8237b59cdfe6.txt,americas,politics,election,,,,
politicsDD051ea1eb-1cff-4c7e-a37a-a03cd339525c.txt,middle-east,terrorism,at-war,,,,
politicsDD0580980e-f146-4399-883f-38a21d44af03.txt,arts,dance,,,,,
politicsDD05b3027c-8e24-4f25-b40f-867737bad92d.txt,health,well,,,,,
politicsDD05c5b227-17d9-4ac3-a6ba-c6d192fe029c.txt,travel,europe,restaurant-search,cooking,,,
politicsDD05d26cd9-15de-4a2a-94e8-565a72ca3e9e.txt,sports,football-nfl,,,,,
politicsDD060349fc-c649-4b11-905b-aa6022431d22.txt,real-estate,,,,,,
politicsDD06174854-457d-4ffd-ad03-98ca688d0b39.txt,arts,movies,,,,,
politicsDD062195f0-93d0-4393-a5b0-32f0b4c783c0.txt,arts,books,,,,,
politicsDD06a7f032-015c-4a94-9bf6-7be84251fe8b.txt,arts,books,,,,,
politicsDD06ac620a-5efb-4b0f-8ed3-29484bfd4436.txt,asia-pacific,terrorism,at-war,,,,
politicsDD06d8b4ea-9fdd-4357-84c4-04f1cafd5931.txt,arts,movies,,,,,
politicsDD07179bfc-155e-41c5-acc7-58b2319ce847.txt,arts,music,europe,terrorism,,,
politicsDD07595f32-12d1-4b83-910b-7f3026bdd5cb.txt,sports,hockey,,,,,
politicsDD07607820-93d8-4ea6-9083-90bf7e73121c.txt,business,automobiles,,,,,
politicsDD07a48991-4bd5-4bde-94ae-1349dd8b1189.txt,business,media,,,,,
politicsDD07e49f37-c604-439f-957d-bea9b86db778.txt,arts,books,,,,,
politicsDD07ed2bd2-78df-47d9-a021-e7f826d5b19b.txt,business,technology,americas,automobiles,,,
politicsDD07ed3237-b516-4c5d-9a27-590c479b9fda.txt,asia-pacific,crime,at-war,,,,
politicsDD080d8d7f-7ff7-4b52-a730-bc24cb516c91.txt,americas,politics,terrorism,,,,
politicsDD08628138-66cb-4287-8177-1998332ed799.txt,business,dealbook,automobiles,,,,
politicsDD0882d69a-93c6-4821-b8f6-1a243f5a582c.txt,business,your-money,,,,,
politicsDD0898e819-6322-4bb3-a0af-6d333a7f8806.txt,sports,football-college,,,,,
politicsDD089c79f6-9a48-463d-a94b-d796e2d92df4.txt,arts,books,nyc-events-guide,,,,
politicsDD08c00266-d563-428a-8640-d7c858a3bb1a.txt,politics,election,,,,,
politicsDD08c64b89-ea35-4bf3-ad36-77809d87dc58.txt,asia-pacific,sinosphere,education,,,,
politicsDD091ca2b5-3831-451d-8561-642b0e7ef6ca.txt,europe,science,environment,politics,,,
politicsDD0925fb15-48cc-4315-998d-93eea1e1fcda.txt,world,asia-pacific,science,,,,
politicsDD093ad69c-8e60-4e75-95b8-1ae3b232028a.txt,food,cooking,,,,,
politicsDD0942e77c-df6a-4945-a9ac-b91a577ac411.txt,americas,nyc-events-guide,crime,,,,
politicsDD0967259f-3527-4c78-8592-5e881481dd62.txt,sports,soccer,europe,,,,
politicsDD09d38308-93aa-48ed-9c6d-753cc2de4163.txt,arts,television,,,,,
politicsDD0a5de9da-eede-4c89-8f18-7caec34eb19d.txt,technology,bits,food,entrepreneurship,,,
politicsDD0a9862a8-1e2b-40a8-b354-8ee8f4c121f8.txt,education,technology,,,,,
politicsDD0a9cc6e5-0c76-4d99-99cc-727a243b001a.txt,technology,personal-tech,business,your-money,,,
politicsDD0ab321d1-b888-4e00-8544-168abc5469a2.txt,business,automobiles,,,,,
politicsDD0b51799c-c615-4476-9313-0099e2b7f68e.txt,americas,politics,election,,,,
politicsDD0b635e7d-0d71-4708-9171-f723247739b9.txt,science,environment,arts,,,,
politicsDD0b84eda9-8eb3-4cb6-9205-20db29d9ed6a.txt,business,economy,markets,,,,
politicsDD0bc7136e-9e65-44a4-be09-44c59d55789b.txt,arts,nyc-events-guide,,,,,
politicsDD0c35f63f-dda5-4105-a96f-7659b1d096fa.txt,politics,election,,,,,
politicsDD0c6dd0ed-2d01-4cd7-b86a-1649651910a9.txt,arts,movies,,,,,
politicsDD0c7f8838-5523-4239-9a1f-454a240b1018.txt,arts,nyc-events-guide,food,restaurant-search,,,
politicsDD0cf6a924-328c-4042-8d2b-21456169952e.txt,americas,crime,,,,,
politicsDD0cf75f9c-ee26-4d1a-a0ee-7dd3ae23fb6b.txt,at-war,crime,politics,,,,
politicsDD0cf9fb66-ec40-477a-8908-efd73cf1b47d.txt,business,technology,bits,,,,
politicsDD0d006e3f-e4b1-4e21-a5dd-e08fe2b8fa55.txt,sports,baseball,,,,,
politicsDD0d3f07c0-3332-437c-8b12-85214efd1978.txt,europe,energy,science,environment,,,
politicsDD0d402530-5322-43b6-ab75-0c091a7b7f0d.txt,style,arts,television,,,,
politicsDD0d51948d-379d-4269-af29-3f78a3baf232.txt,technology,crime,,,,,
politicsDD0db0e1e4-1de0-4614-abd1-eb8ab3d05ea0.txt,sports,football-nfl,,,,,
politicsDD0dbb97cc-0f4e-4722-a166-98790a267a3e.txt,sports,baseball,,,,,
politicsDD0e264162-09ae-4a59-a4b0-4a96c613907c.txt,business,automobiles,technology,,,,
politicsDD0e32871e-89f7-4d09-9a79-a54e03dc8c77.txt,style,mens-style,,,,,
politicsDD0e5ba44b-58e1-477b-8605-7cd6a524f176.txt,crime,,,,,,
politicsDD0ea74254-ad8d-4a87-b2b0-e9722beca316.txt,americas,food,,,,,
politicsDD0f28593c-77cb-4988-a471-286170fdb9bf.txt,business,economy,travel,,,,
politicsDD0f8a7435-e3a4-4844-abe5-6b7c25e6ccb0.txt,nyc-events-guide,,,,,,
politicsDD102fa215-bca1-4818-8e80-0959d782d7a3.txt,arts,art-design,music,europe,,,
politicsDD1087c697-ecbe-4c70-84a9-262a30c3def5.txt,automobiles,business,technology,,,,
politicsDD10ac5cb1-95d4-40c1-a6de-73fd032a4ca0.txt,style,on-the-runway,,,,,
politicsDD10b6a2ca-0f9a-4539-9319-781743b1438a.txt,arts,books,europe,,,,
politicsDD10e7f30a-12bf-4913-8704-3ce4c0fbea55.txt,arts,music,europe,,,,
politicsDD1116311c-ccbc-46d5-a2bc-5342dbf34374.txt,asia-pacific,automobiles,science,environment,,,
politicsDD11281241-3441-4a72-8aa9-52781a7604ac.txt,sports,baseball,,,,,
politicsDD1166dcdc-2b85-48a2-9d7f-0d569e2a425a.txt,arts,art-design,,,,,
politicsDD118adcd3-4828-4782-9469-db592fac5afb.txt,arts,business,,,,,
politicsDD11ccd290-1f53-4d1d-958a-3d07798b30f3.txt,style,mens-style,,,,,
politicsDD11fe914e-2003-4eba-aa28-1206fc37cb67.txt,business,automobiles,technology,,,,
politicsDD1243c796-8e09-433a-b848-e44e68311cb5.txt,arts,books,,,,,
politicsDD1280f5bc-1890-4701-8f43-05f0446fb757.txt,arts,books,,,,,
politicsDD1283d009-2790-48d7-a549-1bc70dfe4890.txt,world,economy,markets,americas,,,
politicsDD12a51fac-529b-46d8-9609-f32191b06296.txt,business,automobiles,technology,,,,
politicsDD12cabe82-5318-4549-8775-edab5d386d2e.txt,politics,science,environment,election,,,
politicsDD130feba9-9f5d-4ec8-a753-a0de9dee4835.txt,real-estate,arts,crime,television,,,
politicsDD135d73ec-df76-4204-9447-6ecbed5e1d24.txt,style,arts,television,,,,
politicsDD136deba0-4f09-49a7-b5ef-8e1bcb155b84.txt,arts,music,,,,,
politicsDD13930da0-84d7-4dca-9d36-1f2b534cf7e0.txt,arts,theater,,,,,
politicsDD13e1d7cc-5de0-4e37-9d57-2d750c86606d.txt,business,health,markets,,,,
politicsDD140913e9-32ca-458a-8751-61c6f8713729.txt,politics,at-war,,,,,
politicsDD142a259f-e1c4-4c0c-80c4-f43cace39958.txt,real-estate,,,,,,
foodDD001102dc-3027-4a8c-9c14-5b647ccee71a.txt,terrorism,middle-east,,,,,
foodDD00406619-f349-4502-9bae-5d63a9bbf632.txt,arts,books,,,,,
foodDD0098c97c-5601-4bd6-ae0c-da9db417c72c.txt,arts,movies,,,,,
foodDD0115f3fa-c84e-4b0d-90d7-fcd5bffbdb60.txt,sports,soccer,,,,,
foodDD013ae974-caf2-4467-94b4-1e9a7b1f68af.txt,arts,music,nyc-events-guide,,,,
foodDD0349c19e-893c-4782-98f6-68c2322bd231.txt,arts,television,,,,,
foodDD0583f43f-0e23-4d4d-9e65-a5ff052e37ea.txt,arts,nyc-events-guide,,,,,
foodDD0604a91a-59a8-49f1-8f57-4551c6f2ebdf.txt,style,health,,,,,
foodDD06854178-0d02-407c-b5e9-ffe02ea74578.txt,europe,science,environment,business,politics,,
foodDD06bb77ba-82d7-4a03-bf9f-0e5a4b37ef5a.txt,food,cooking,,,,,
foodDD06ec0e86-7976-4c8c-9c2e-8f47bf9c686c.txt,terrorism,at-war,,,,,
foodDD0795dcd3-3337-47fb-8cc7-d797e2f3266d.txt,arts,music,europe,terrorism,,,
foodDD07dc2e08-e97d-4a77-8d6f-a19ef1eb0082.txt,style,on-the-runway,,,,,
foodDD0839eb84-2982-43ac-be48-cf57a0b81af3.txt,food,restaurant-search,,,,,
foodDD0a5be49a-5d50-4d04-9a2d-5070151098bf.txt,crime,americas,,,,,
foodDD0abe2db1-19b1-4f4e-ba25-008e20697576.txt,africa,politics,,,,,
foodDD0af5f5cb-b8b5-4633-8dff-0e0b7875ee54.txt,travel,,,,,,
foodDD0b2233cc-920f-44c8-923d-f82a56bf49bd.txt,food,cooking,,,,,
foodDD0b81bacf-ad9a-42cc-938f-6575ef6863e1.txt,americas,crime,,,,,
foodDD0c3b5d57-2ca4-4004-9911-89ac27510dbc.txt,arts,books,nyc-events-guide,,,,
foodDD0cdbd726-8aa3-4d97-9294-0e68fb517eb7.txt,arts,politics,election,terrorism,,,
foodDD0d0f1349-90a4-43d3-8b0f-798b52512526.txt,food,restaurant-search,,,,,
foodDD0d4d4909-2e78-488b-9115-6849b174109c.txt,arts,health,well,,,,
foodDD0e1ba493-ab37-47da-a761-c514b7c8a323.txt,asia-pacific,sinosphere,,,,,
foodDD0e6e7a5d-3165-41c3-8443-f2810e490018.txt,automobiles,business,technology,,,,
foodDD10147883-1543-4e0b-b0e6-093f6ba6f4c4.txt,arts,books,,,,,
foodDD1037ab77-b58c-4cf2-a2f0-41ae9f8bcec1.txt,europe,,,,,,
foodDD1048fd53-8840-4c40-8815-a358ebe213fe.txt,food,restaurant-search,,,,,
foodDD11bf1906-9e33-4c42-8850-036ebcb60a84.txt,style,weddings,,,,,
foodDD11ed09f9-8175-449c-a205-7cec3bcccd56.txt,food,restaurant-search,,,,,
foodDD126ac1f2-fa10-4c18-8379-0b8851b8ae0a.txt,art-design,,,,,,
foodDD1311414c-b2e5-44a4-9f82-cf8b4cebe97c.txt,arts,movies,,,,,
foodDD1408b7a4-2953-462c-bcf7-f7123e05fd53.txt,food,europe,,,,,
foodDD142ea153-82b3-4a2d-a296-c59d741e0404.txt,real-estate,,,,,,
foodDD149666d3-d934-4387-97e2-c94a12589c66.txt,europe,travel,business,,,,
foodDD15c19e7c-f4c9-43a5-b2b2-1791fff9353b.txt,food,cooking,,,,,
foodDD18923ade-47fe-471c-9227-027be882f460.txt,food,restaurant-search,,,,,
foodDD18fbd053-a315-4fbe-8859-014168097097.txt,health,africa,health-guide,,,,
foodDD19269c27-e5ed-41c8-88ff-34e3db77f96c.txt,food,cooking,,,,,
foodDD196162e1-b4c7-40c3-a962-3fd7fe010366.txt,arts,,,,,,
foodDD197e6fb6-c6a0-41f9-947f-2cc4fe84b2dc.txt,arts,weddings,,,,,
foodDD19c9b6f8-9077-4ec5-975c-1f75c46f5822.txt,asia-pacific,politics,election,,,,
foodDD19f386ea-15b3-4c59-a0c1-791214d3c283.txt,arts,nyc-events-guide,,,,,
foodDD1a83f4d9-16cd-4dcf-a632-edb3e20785b0.txt,sports,basketball,,,,,
foodDD1a8d5107-abfb-4283-a4fd-be9053065dd3.txt,arts,movies,,,,,
foodDD1aafe1d2-5550-4aa6-88b0-08141d361d1a.txt,arts,,,,,,
foodDD1abe5104-7ee6-44f1-9515-a11f31f50f6f.txt,middle-east,terrorism,at-war,,,,
foodDD1af354af-1f95-449b-9e56-3ccd7a6da883.txt,sports,football-nfl,,,,,
foodDD1baebd4f-2917-4307-9a39-08e783fd50c9.txt,americas,the-upshot,politics,,,,
foodDD1c1f8c32-9d75-4bae-8928-a4f16b9c0936.txt,art-design,,,,,,
foodDD1c32fafe-3bbc-440c-8126-495c5dac1ffc.txt,politics,at-war,terrorism,,,,
foodDD1c8cddab-23f7-4ee6-a58e-cef733813ab3.txt,food,restaurant-search,,,,,
foodDD1d5f1a9c-58a7-4efb-916a-1a4126b83e0e.txt,arts,books,,,,,
foodDD1dad470d-eb12-41c5-979b-d9e7e7f4aa9b.txt,real-estate,,,,,,
foodDD1dba4cb0-9f9d-4df8-9069-db7101021d37.txt,travel,europe,,,,,
foodDD1e2ffd48-fe28-4e7d-abf8-ec0713f5b032.txt,arts,books,election,,,,
foodDD1e619d2b-b24d-4a79-bd3c-78e9699fcb5a.txt,style,weddings,health,well,,,
foodDD1e62b64a-549a-4507-9cfd-0c49f9409daa.txt,arts,art-design,,,,,
foodDD1eb85636-8597-46cb-81f4-a81eb4fbd9c7.txt,technology,food,business,entrepreneurship,,,
foodDD1fe2cae4-8267-402a-837a-ffcfacc4f161.txt,food,cooking,europe,,,,
foodDD2093ef85-199d-4f63-9339-c283ec2805a8.txt,asia-pacific,sinosphere,,,,,
foodDD212bd25b-eeb8-412a-a0f2-cddf4908dc0b.txt,arts,books,,,,,
foodDD22e72c0d-7dd4-4680-b50f-a9f3bf6f912f.txt,sports,football-nfl,,,,,
foodDD23f9b7d6-d1c7-467c-b634-1a381cb7d6dc.txt,arts,books,,,,,
foodDD257c18dc-d66e-4f11-a806-c7e054424bd6.txt,arts,movies,travel,,,,
foodDD259417f3-2a81-4ebc-b5ce-e6556e946de6.txt,arts,books,crime,,,,
foodDD27125c8f-cadb-4116-8644-690518ab8171.txt,real-estate,,,,,,
foodDD27666dcc-b1fd-4b97-ad24-5f86ec7c1c1d.txt,arts,books,,,,,
foodDD2791f22c-5ec3-47ce-b7dd-af6d04db6a16.txt,food,cooking,,,,,
foodDD27cbeb5b-fe21-489d-94d8-a79f8da3d93e.txt,arts,nyc-events-guide,food,restaurant-search,,,
foodDD284fc4ca-8b11-4d4c-bcc1-d7d30240aad5.txt,americas,at-war,crime,,,,
foodDD2875dada-8b65-41d4-b229-907a7305a694.txt,asia-pacific,politics,,,,,
foodDD2903fd25-41ac-438a-86f6-827454f7d449.txt,opinion,,,,,,
foodDD29ca269a-0f3f-473b-a6d1-39f70b59ece3.txt,arts,books,,,,,
foodDD2a144aee-26c9-4fe1-bf51-38d6658bdd7f.txt,politics,business,economy,markets,,,
foodDD2a84cd6c-1095-49cc-b837-8c4a16d99747.txt,food,restaurant-search,,,,,
foodDD2a95805e-dbef-4841-93be-a1c4625461a4.txt,food,cooking,,,,,
foodDD2acc47bf-75e8-49e1-854a-8f80edb3b92f.txt,sports,football-college,,,,,
foodDD2b34dfb0-d451-40e8-80e1-c60ca0270774.txt,style,mens-style,,,,,
foodDD2c19b1d3-a18d-4ea5-b82d-c83a3de5c85e.txt,sports,soccer,europe,,,,
foodDD2d4b6be4-b7b0-4c0f-8f32-f734f5eda867.txt,politics,business,crime,,,,
foodDD2d54c36d-2825-4b89-bc9e-f959719041a1.txt,business,sports,,,,,
foodDD2d62c454-1631-4ea1-8c4d-5d7515cee976.txt,education,business,,,,,
foodDD2d999e97-f039-4779-95d1-b23b2835e213.txt,arts,books,,,,,
foodDD2f838e3c-c2c2-4f4f-9cbf-7610d1d07e1a.txt,style,weddings,,,,,
foodDD2fc96e27-f35c-4b54-a8af-3336fcf7ff21.txt,food,cooking,,,,,
foodDD316d00ed-c1c1-4448-ab1f-05ab38180a56.txt,arts,books,,,,,
foodDD320ffc22-4c7b-44bc-b4a2-7ba3cf8b094b.txt,arts,dance,,,,,
foodDD32130bd5-261e-4a97-a685-e33998c04e84.txt,arts,books,,,,,
foodDD33b7938d-bcee-463e-92f0-d50ac350ac30.txt,terrorism,at-war,,,,,
foodDD3591e967-196e-4616-a411-1da7fece0b5a.txt,politics,election,,,,,
foodDD359da987-d49b-4635-be4c-a1b910c459cf.txt,arts,books,science,space-cosmos,,,
foodDD35c8977a-391e-4152-87f1-206ed7a78cfc.txt,arts,television,style,,,,
foodDD35dfe6b3-75a2-488a-9513-d69cad2dc0d8.txt,americas,arts,books,,,,
foodDD36ceaaed-fa74-48e7-982e-3d90c4c56014.txt,africa,terrorism,at-war,,,,
foodDD37ab352c-63b3-4cbe-a36f-6470175d506e.txt,arts,nyc-events-guide,,,,,
foodDD37dbb263-e72b-42bd-b93b-8bcb7cf542ea.txt,arts,books,,,,,
foodDD37f92421-66d9-417e-a00d-a6b023e6a6e2.txt,food,cooking,,,,,
foodDD3a088f8b-564d-41cc-8e7d-1f7873b896f1.txt,sports,football-college,,,,,
foodDD3a3ac0d7-87db-4a34-9546-58a0d2e8d8c5.txt,food,restaurant-search,,,,,
foodDD3aa4e532-85a6-44b5-b197-105170d20cf2.txt,food,restaurant-search,,,,,
foodDD3ad06c13-cd04-4133-b6ca-dcf7148f75a1.txt,travel,arts,movies,,,,
foodDD3b06126f-0531-402f-bf44-62f7b85072ff.txt,business,automobiles,dealbook,,,,
foodDD3c12ec8f-fe12-4ac0-b3fd-7c8969fee0db.txt,style,mens-style,,,,,
foodDD3c2d3f9a-d3eb-41fb-bc68-1c016284c71b.txt,food,,,,,,
foodDD3c84887f-6a58-454e-921c-9c06b553c4a0.txt,arts,books,dance,,,,
foodDD3cb52e0f-d9d2-40b9-85af-b7cde671b769.txt,food,cooking,,,,,
foodDD3d0f804c-a714-45ae-9d8e-76b18e358702.txt,food,restaurant-search,,,,,
foodDD3dd1e19f-7db9-40a3-90f3-0e26091b17c0.txt,sports,hockey,,,,,
foodDD3e5cbcb4-69ee-47a9-98c0-7bf860a88a24.txt,real-estate,,,,,,
foodDD3e6a2f17-e45d-46db-948e-b216b5ecef6d.txt,sports,hockey,,,,,
foodDD3e899d34-3aa6-429c-8b15-1fbd3cc02b53.txt,food,cooking,,,,,
foodDD3f3061c8-008d-457b-b98e-1a6dbf9da956.txt,arts,books,music,,,,
foodDD3fc8b0d5-f996-4d90-a5b6-871f8e9a78f6.txt,business,politics,food,,,,
foodDD41ae6546-7b7a-4a1e-ab4d-52e37c79ded4.txt,style,pets,,,,,
foodDD41c70816-8757-4869-aab0-dd8a87d213ba.txt,arts,movies,,,,,
foodDD441e6092-be55-454b-bfef-2dcd60da28ee.txt,business,your-money,economy,,,,
foodDD44467b69-60e5-4344-a250-014f55204281.txt,nyc-events-guide,,,,,,
foodDD4457e5e3-35bf-4d50-90eb-5bc9c706065b.txt,arts,books,,,,,
foodDD4547bb1a-8904-4583-8185-672eeb66d178.txt,food,restaurant-search,,,,,
foodDD458c45b9-d10f-441e-9ac1-f2ada511be6e.txt,sports,golf,,,,,
foodDD45a95905-5956-42dc-8ed0-6e7d61933b59.txt,arts,books,,,,,
foodDD463c1112-ff97-45c4-b813-05d5c8451957.txt,arts,music,,,,,
foodDD46787535-19ff-43b7-814b-39f9dc954926.txt,arts,books,,,,,
foodDD468f4184-2d33-4bd9-9ff8-90dd401ee04f.txt,arts,books,,,,,
foodDD475c8b55-ac6f-4de3-aaef-75b15f244869.txt,food,world,,,,,
foodDD4780031a-e5c4-42e5-9494-87626a2f9d58.txt,asia-pacific,sinosphere,politics,,,,
foodDD4814b566-7a5b-4a03-b84c-766325865353.txt,sports,soccer,europe,,,,
foodDD4930db18-257b-42b6-bda4-79bfe6fe65a1.txt,sports,hockey,,,,,
foodDD49ffb978-1796-4587-977c-ed1e2c0eca04.txt,arts,television,,,,,
foodDD4a8f070a-f466-44c0-bbd3-e84301ec6c13.txt,health,well,technology,,,,
foodDD4ac5c2d9-c8c0-43b8-b7b9-fd615ca242ad.txt,science,,,,,,
foodDD4b9fab16-a1a0-4771-842a-8acbf08f5f60.txt,arts,books,,,,,
foodDD4cb7c7d4-e67a-4d14-ac33-45ac39e27b19.txt,arts,movies,,,,,
foodDD4d63fe19-fa2b-43bf-ad8b-0897daee7340.txt,food,cooking,arts,books,,,
foodDD4d9f6f33-8b32-4f19-8187-4ef51be2f2c8.txt,politics,election,,,,,
foodDD4dcf8a2a-f5d0-48e3-95aa-e2addaba1b9c.txt,business,technology,media,,,,
foodDD4eb69d4c-473b-4a04-9fd9-f80c8a7ebbb2.txt,politics,terrorism,at-war,,,,
foodDD4f7ecace-b9a0-4be6-8c46-fb3030dd89ac.txt,americas,,,,,,
foodDD500b45fb-d6a2-4a1d-8e57-d9094fd9604e.txt,food,cooking,,,,,
foodDD501fb383-da0f-4be3-bd94-3c63af5bf271.txt,arts,theater,,,,,
foodDD50f7f78e-fe4e-4acd-85dd-2de7fe0e6a28.txt,arts,books,,,,,
foodDD515f08b7-c923-4c90-a4b4-1d96eddee92e.txt,arts,books,europe,,,,
foodDD51bc39f6-c7fa-46ca-85cc-d8e0158e29d0.txt,arts,books,,,,,
foodDD5241bcb4-5bb2-475d-bb3d-7cde8a8344c7.txt,opinion,,,,,,
foodDD5294ca85-f514-4d0e-be42-b8f68889bde3.txt,arts,music,,,,,
foodDD53a25d74-41b2-4d96-9b6a-d0dbf221fccb.txt,arts,asia-pacific,,,,,
foodDD53d82e34-7e23-447f-a98f-f955496a2cba.txt,real-estate,,,,,,
foodDD5456045c-42e3-4792-aa9b-c2178be890fa.txt,sports,football-college,,,,,
foodDD5483bd67-92ce-4bdf-a4d8-344e02fd35a7.txt,at-war,americas,,,,,
healthDD145a2b6a-7116-4042-94d3-fd46fd56d7af.txt,technology,science,world,,,,
healthDD1817e982-a81d-4700-bb87-c6919f2dadca.txt,africa,politics,terrorism,at-war,world,,
healthDD01ca1a71-e1b5-4c27-94bc-f7283af9a87e.txt,americas,terrorism,at-war,,,,
healthDD0bcd96e2-e120-4ebb-8823-7c37afbbcae9.txt,americas,world,health,,,,
healthDD0ecb2dd6-c581-4230-b805-7e1ca53b205c.txt,americas,terrorism,,,,,
healthDD184dc5ca-887b-49d6-ae74-338aa237056c.txt,americas,education,health,well,,,
healthDD1d5674d3-b9c1-4cf6-b9ce-3601f0cfe1c3.txt,americas,crime,,,,,
healthDD13820f45-1dca-41be-a09c-bdd5fc817b1e.txt,art-design,arts,,,,,
healthDD14698ea6-845c-4ef3-915b-0ffd5a9c83f3.txt,art-design,arts,asia-pacific,,,,
healthDD172b5b0f-0863-45f2-8ae7-3d027f7be7a7.txt,art-design,arts,style,,,,
healthDD1d130ef4-6a94-4c0f-8984-e328d3ccd9e1.txt,art-design,style,beauty,on-the-runway,,,
healthDD01a2c7cc-de8a-41f6-8636-8492fb2f8633.txt,arts,theater,nyc-events-guide,media,,,
healthDD026ce708-4269-46eb-8bad-40111c5350b4.txt,arts,dance,drama,,,,
healthDD086ead2c-fe3d-4ded-b149-331bcb451b3f.txt,arts,music,media,,,,
healthDD0964ccdd-5225-45b2-bf43-a7f672989885.txt,arts,books,,,,,
healthDD09678adb-b8ff-4a3d-8c15-7dd72cfdcc0f.txt,arts,drama,,,,,
healthDD0b01708a-8b82-4251-b42d-92ea19cf8c7a.txt,arts,movies,,,,,
healthDD0b8a7a62-577b-449f-82d1-b79475a02695.txt,arts,books,,,,,
healthDD0db7a766-96b5-437d-acfd-f9beb8a47033.txt,arts,media,music,markets,health,,
healthDD11130a23-c18d-4187-a818-a5157b181e0e.txt,arts,books,americas,education,,,
healthDD1200b0f8-2f9a-4dcc-bc23-5aafe0294cb2.txt,arts,movies,americas,,,,
healthDD1335bc35-92ac-456e-ba6c-2629ae95063e.txt,arts,books,,,,,
healthDD152e75c6-3383-4ca2-a4cd-2eb17b653604.txt,arts,theater,drama,,,,
healthDD187c4feb-f7a6-40a2-bbaf-9223614f51e5.txt,arts,media,,,,,
healthDD1942348b-6873-4809-8991-8be036911731.txt,arts,art-design,asia-pacific,,,,
healthDD19a8a903-412f-430e-8f0e-56c6dd01b16b.txt,arts,music,media,,,,
healthDD1af82141-7f8c-46be-b97f-8d996888b2e7.txt,arts,books,health,well,terrorism,at-war,
healthDD1bc6472c-b2d8-45a5-97a9-a77923e07511.txt,arts,television,media,,,,
healthDD1c49132a-76e2-4f00-83dc-1cbbada0861e.txt,arts,books,nyc-events-guide,sports,,,
healthDD1e1f005d-ad52-4a39-b830-8e1d8bdb57d5.txt,arts,books,,,,,
healthDD1f8e3958-cd48-452f-88c5-45c90018c340.txt,arts,television,media,,,,
healthDD20898db9-cd5b-4d32-a047-d75bf372508c.txt,arts,books,,,,,
healthDD265391ea-2034-42a9-a57b-5402a79f4e52.txt,arts,dance,,,,,
healthDD26745faa-2e85-4569-9bc2-a6fe8f55edd1.txt,arts,books,,,,,
healthDD267cf29e-e53b-44ea-ab41-f16e63664e9a.txt,arts,books,,,,,
healthDD0a66281f-2715-467a-8027-dd250449122e.txt,asia-pacific,at-war,terrorism,americas,,,
healthDD1d5bddc9-1353-413d-b67f-a77372c9a0a2.txt,asia-pacific,sinosphere,economy,politics,,,
healthDD1dedce27-6876-4bb7-8457-c67a93694d52.txt,asia-pacific,sinosphere,,,,,
healthDD12934a03-2c2e-4a34-9716-6fd46f9c2461.txt,automobiles,technology,,,,,
healthDD0298505b-8ec4-49b5-9a1e-312648274e27.txt,automobiles,,,,,,
healthDD029d2f2a-1d13-4335-91ed-07ab8c9bb3ec.txt,automobiles,,,,,,
healthDD04480d27-9731-42e7-b896-eac18c3d04f9.txt,automobiles,,,,,,
healthDD07b1d45e-df2f-46a5-918f-34884ec7fec3.txt,automobiles,markets,your-money,technology,bits,,
healthDD08292488-cbd0-4159-9012-6f407655a514.txt,automobiles,technology,environment,science,,,
healthDD08ec073a-91e8-4f1d-9d62-9cafce0d1fbf.txt,automobiles,science,technology,bits,,,
healthDD0e0614b9-b02a-40d1-8fc7-b2a3201fe5b8.txt,automobiles,technology,bits,,,,
healthDD1a14f582-17a0-43a9-a7a5-a69b92b919b1.txt,automobiles,technology,business,bits,,,
healthDD24aaae65-f82d-419e-92ad-1f186dfeb791.txt,automobiles,technology,,,,,
healthDD10b9098b-1d44-41ab-99f3-a11fa0a36142.txt,books,arts,at-war,terrorism,,,
healthDD196b036d-257d-4f05-ae9f-b1edffe8e8da.txt,books,arts,,,,,
healthDD26bffb85-1963-4ada-a894-9533f869ee5b.txt,books,arts,,,,,
healthDD021e0649-9aad-47bc-939d-288d5180619f.txt,business,automobiles,,,,,
healthDD0227be70-8d6a-4751-9be0-8b94b4c8e499.txt,business,automobiles,,,,,
healthDD0320bd22-e8d7-433f-bccb-b0f06c049392.txt,business,automobiles,your-money,,,,
healthDD07fb066e-95a9-4154-8cea-a98d36ebb73d.txt,business,europe,science,technology,environment,,
healthDD09a8d03b-c51e-4812-83a9-46eafd4e1325.txt,business,dealbook,,,,,
healthDD0ae4e9d6-7bb7-447e-98f1-0c3f087cd37f.txt,business,world,dealbook,entrepreneurship,,,
healthDD101baec0-ee5e-46c7-94dc-28eb70ea788c.txt,business,asia-pacific,politics,,,,
healthDD15dc3917-a94f-44d1-9679-95fcc2d26ad8.txt,business,americas,dealbook,,,,
healthDD1e3f3b32-b6ea-487e-bf0b-ace08f7c17ac.txt,deal-book,business,technology,automobiles,,,
healthDD1a0ea045-4ef2-4185-9bc3-8b4c45ac99ee.txt,drama,arts,beauty,style,,,
healthDD167d7ca3-b947-4510-bdbd-ec23b71b0389.txt,economy,your-money,,,,,
healthDD04ab39bf-f74c-4333-8954-aca7147cab02.txt,education,health,world,americas,europe,,
healthDD271dabb6-2e02-4440-9f21-5196f31d6478.txt,election,at-war,americas,politics,,,
healthDD1ef483a2-9ad9-4bd6-9a19-24b2ec38c1ce.txt,europe,science,environment,americas,technology,world,
healthDD1f76ce88-7081-42f8-8c24-bfc5a5135060.txt,europe,science,environment,technology,economy,,
healthDD1b9edd51-3fa3-4f67-a3a2-e6db1e2e976d.txt,fashion,mens-style,football-nfl,basketball-nba,soccer,americas,
healthDD1d1cd731-b5e2-4fda-bccc-bf6c274094db.txt,food,cooking,,,,,
healthDD02dd57ac-9aa9-4133-ba21-e64390343667.txt,health,well,politics,economy,your-money,,
healthDD08e421ee-6c9f-4c92-9544-9acbd14f62b7.txt,health,well,science,,,,
healthDD0b8d909f-beb3-408f-b2e2-1e8ad1b7d78f.txt,health,well,,,,,
healthDD117f9edb-2773-42da-ad0a-ca17d3207c70.txt,health,well,americas,,,,
healthDD1bdf65ac-64fb-44d6-8b73-4817f6f4f8c9.txt,health,americas,health,well,health-guide,,
healthDD03637085-7e49-4559-97dd-910154bae296.txt,media,health,science,,,,
healthDD191a156a-5118-4dab-ac3f-a44e1cb00b72.txt,media,arts,at-war,,,,
healthDD1c52480d-15ab-4dda-bf66-1ec6364e40c0.txt,media,at-war,terrorism,,,,
healthDD0648f6f8-04a6-4dca-ae0d-bb9a0be1038c.txt,middle-east,world,terrorism,at-war,americas,,
healthDD1889a609-e545-4839-b5f9-f27c90ad6faa.txt,middle-east,science,at-war,,,,
healthDD2181a782-bf37-44c1-9f20-77e05eecc439.txt,movies,arts,at-war,,,,
healthDD19d24972-e39f-4781-9e82-9e7050bd4cec.txt,music,arts,media,technology,,,
healthDD10a65ba4-501c-406a-885e-53b867be0aab.txt,nyc-events-guide,terrorism,drama,,,,
healthDD18768b98-2038-44ac-9b8a-4e80371c3fa7.txt,nyc-events-guide,food,cooking,travel,,,
healthDD1dbd49c7-6be6-4142-bcbc-4edee3b08fb8.txt,nyc-events-guide,restaurant-search,,,,,
healthDD2016bc88-ec05-4863-ad30-c0d253899de9.txt,nyc-events-guide,books,,,,,
healthDD037cae5b-44cd-42cb-be0e-8407d2df510b.txt,politics,science,environment,,,,
healthDD03fb0a8f-6bdf-4399-82ae-c7416149c3b7.txt,politics,americas,business,world,dealbook,,
healthDD08e185ae-f7df-44e7-a6b2-bdeaef282702.txt,politics,europe,middle-east,terrorism,world,at-war,
healthDD0adad1b6-6dfd-4fff-9f2e-160630b1e032.txt,politics,economy,your-money,,,,
healthDD0f1a8eb7-c41d-4f79-905f-19cbe0eab5b6.txt,politics,americas,election,,,,
healthDD1189a705-7dc3-41b6-a184-1ca6a77deee3.txt,politics,health,well,,,,
healthDD1686096f-e3bb-4427-95a1-b47b02ff1bf6.txt,politics,americas,world,at-war,asia-pacific,,
healthDD1b116764-812e-4fc3-a3e4-b75e10e9f97f.txt,politics,election,media,,,,
healthDD2083d31b-dc7c-41e6-8a99-3e396a524dbe.txt,politics,americas,world,health,well,,
healthDD02c7ba21-707d-4c3a-9904-5a19ea69b2f0.txt,real-estate,great-homes-destination,,,,,
healthDD084f146e-e8d0-4fa3-aca5-d57d17366b59.txt,real-estate,markets,commercial-real-estate,americas,,,
healthDD0cc4ff87-3d66-4bb9-a154-2120cf702ae1.txt,real-estate,mortgages,dealbook,commercial-real-estate,,,
healthDD11c7d429-a2a3-421d-b0f6-34cdd4c09be8.txt,real-estate,your-money,business,,,,
healthDD134ac03b-a618-4773-8464-c2b4583e2586.txt,real-estate,economy,americas,,,,
healthDD19009700-eee8-45f3-af37-ff9e80222766.txt,real-estate,commercial-real-estate,,,,,
healthDD1e4f81ec-4cb7-434f-8e86-d41a95152d3d.txt,real-estate,commercial-real-estate,your-money,,,,
healthDD1fa71dbb-d7ce-4c64-a57a-a54744658ff7.txt,real-estate,destination-home-guide,technology,,,,
healthDD2485a660-d3e7-41a7-8b7a-b7bcd4357131.txt,real-estate,americas,commercial-real-estate,,,,
healthDD26b62819-6a00-4856-a04f-040d4973af0b.txt,real-estate,americas,your-money,,,,
healthDD1471e69b-6ac0-4fee-b9b8-aa9411ae705b.txt,science,,,,,,
healthDD1b3cf0c5-c684-49d0-bad7-29f9efbf976c.txt,science,environment,europe,,,,
healthDD1b846b20-0067-487d-91f0-99dbcbfa957e.txt,science,environment,europe,,,,
healthDD20913eb9-1fba-4c5c-8ced-20ec2f710aa4.txt,science,space-cosmos,world,americas,,,
healthDD209bf90f-e1de-479c-9f7b-51facc5c7e07.txt,science,well,,,,,
healthDD21bac05e-cdc2-4774-9c27-b2a2bd0098f2.txt,science,energy,environment,,,,
healthDD005b2fc5-a8a8-4711-8a88-85f71a822216.txt,sports,soccer,,,,,
healthDD00dad509-16b0-444e-8ef6-2aa1adcc7468.txt,sports,football-nfl,,,,,
healthDD08d22b22-0b65-4131-a946-569702d4b0cb.txt,sports,football-college,,,,,
healthDD0d7e6db2-5e23-497f-92e5-d8868b7cccde.txt,sports,football-college,,,,,
healthDD0e76becf-7c77-4f72-83b0-44f33928dd36.txt,sports,soccer,,,,,
healthDD12501fad-e028-450a-9107-8cb36a18514b.txt,sports,basketball-nba,,,,,
healthDD13421129-cb8a-410c-968d-cf8d11488282.txt,sports,football-college,,,,,
healthDD159e79fa-2f87-4e5f-b6d8-91d69d037336.txt,sports,soccer,,,,,
healthDD18d9ecb6-5fce-4767-8371-a951e5bcccff.txt,sports,basketball-nba,,,,,
healthDD206b0139-96b4-4c8e-82f0-3d01c6b3383a.txt,sports,soccer,,,,,
healthDD24a5d9d7-8045-4348-bcd5-e38a1f1983b3.txt,sports,hockey,,,,,
healthDD24af1c43-38a5-4ddb-8571-ffccc400ac4f.txt,sports,football-nfl,,,,,
healthDD24d7f6a9-4038-49bc-9aa8-904698556d0b.txt,sports,football-college,,,,,
healthDD256ba87f-322c-45dd-bd9a-04886b21f77f.txt,sports,basketball-nba,,,,,
healthDD2598c1c2-fb63-4524-a0b0-c739a923e8fb.txt,sports,soccer,,,,,
healthDD00f8344d-24f3-423c-9d3a-c29446d0ef39.txt,style,weddings,travel,,,,
healthDD02c8f5af-a3af-430b-becd-c5744cdd9cda.txt,style,on-the-runway,arts,dance,,,
healthDD03f45eb9-b7b8-4dd0-b650-a1d025728b75.txt,style,on-the-runway,,,,,
healthDD07dcdcc3-7449-4303-a78d-d6e5bf7de396.txt,style,movies,arts,,,,
healthDD0e0a84f1-93bc-41f7-bb75-9f39677a4ec3.txt,style,mens-style,on-the-runway,,,,
healthDD10eb5a20-cd96-40a7-a5b1-40606d242d0d.txt,style,world,on-the-runway,,,,
healthDD126aaadf-ec39-43b5-8df0-b64428891db3.txt,style,media,arts,technology,movies,,
healthDD15f5d807-90ff-4f5c-a82b-ee4ecdca429b.txt,style,on-the-runway,,,,,
healthDD16d19041-e5ec-4ca1-9e85-b75c62bc5f7f.txt,style,on-the-runway,beauty,,,,
healthDD17011c94-a90f-4581-9528-1b6c31583afe.txt,style,on-the-runway,business,,,,
healthDD175626f6-5d16-4441-99a8-81f1b0044fba.txt,style,on-the-runway,beauty,,,,
healthDD17fb3b21-a2b6-45c3-9a55-885dc39990b5.txt,style,technology,health,health-guide,well,,
healthDD1c0bbd58-e383-404c-a20a-014459852350.txt,style,travel,television,media,arts,,
healthDD1ec18e66-5c51-4802-b735-6d28e8434338.txt,style,on-the-runway,,,,,
healthDD21be0557-02a0-4dd7-8d1d-03e1bdafe825.txt,style,on-the-runway,americas,world,europe,,
healthDD22d516ff-9f1e-438c-8b7f-3280a9be6361.txt,style,mens-style,on-the-runway,,,,
healthDD0a0958b5-fdc2-4ef1-a3ce-5a22ee1f5372.txt,technology,personal-tech,,,,,
healthDD1e30ba7a-74a0-4430-9178-9960208937e0.txt,technology,automobiles,bits,,,,
healthDD258a1dd2-d08b-4ff8-a69d-d6371ec897fa.txt,technology,media,business,bits,,,
healthDD163d37b5-fd2d-4ca8-a9e9-fff9d98b66eb.txt,terrorism,americas,at-war,asia-pacific,,,
healthDD20ae3dcc-6ec8-4bb4-9296-ccc6286f1341.txt,terrorism,arts,media,,,,
healthDD24688a86-9243-48c0-b253-3cdc25d1c652.txt,terrorism,europe,,,,,
healthDD00779df6-947e-488e-9795-bd00789b4b34.txt,the-upshot,,,,,,
healthDD02c06dc1-8cfc-47cb-8830-19824ee4da6b.txt,travel,americas,,,,,
healthDD07d4cf3d-5205-4cd8-8c0e-27f91731a6ce.txt,travel,world,arts,,,,
healthDD0a01326c-0a7f-450f-928d-18ed461ab811.txt,travel,asia-pacific,,,,,
healthDD19241ed2-fad1-428d-ba60-63de848baf32.txt,travel,world,,,,,
healthDD19a957d4-b27c-48e9-b82c-d4864a3527cb.txt,travel,world,europe,theater,drama,,
healthDD082f56cb-2d73-48d0-ad07-df6c9ee51c97.txt,your-money,economy,americas,politics,,,
healthDD24e6ffff-3b73-4bf4-8792-6e5baa71bdb8.txt,your-money,,,,,,
scienceDD0035eebc-16fd-422a-8339-1c796939d560.txt,world,politics,science,terrorism,europe,,
scienceDD005330a6-f470-4e15-982b-0724aeb52353.txt,science,environment,energy,technology,americas,bits,
scienceDD00d18b8b-d3d4-4418-8ea0-48c46d3aad44.txt,energy,europe,,,,,
scienceDD00e5cda4-39bb-4880-962b-71a2e97c5420.txt,terrorism,europe,world,science,environment,,
scienceDD02fe7309-a369-4840-89f7-63baff8b5008.txt,politics,election,environment,science,,,
scienceDD05167a7e-198a-4e0b-8475-c99648cfca3d.txt,world,asia-pacific,politics,india-ink,,,
scienceDD059d4cb9-a738-46ba-a407-0bf3e1e1b095.txt,asia-pacific,world,sinosphere,,,,
scienceDD05f26405-7a5e-4cb3-abbf-7f354c2768aa.txt,science,environment,americas,,,,
scienceDD06115203-a576-4a33-9ada-f4470f21f552.txt,politics,energy,science,environment,americas,,
scienceDD0645595f-3eeb-4ca5-a1c4-04dfc6249cbf.txt,science,space-cosmos,,,,,
scienceDD0820976a-69c1-461a-8747-a5b416a71332.txt,science,space-cosmos,,,,,
scienceDD08501ea2-d789-4a16-abf2-483a488d9765.txt,sports,football-nfl,,,,,
scienceDD08a8eb97-222d-4f57-aee0-1de282c071f6.txt,energy,environment,science,,,,
scienceDD0930eb2a-487f-453c-939c-c8ab93157098.txt,science,asia-pacific,,,,,
scienceDD098e43f1-c061-4422-9912-594b2a135bf9.txt,middle-east,energy,science,world,,,
scienceDD09d068fe-a630-4f62-9ecd-c3029df44dcc.txt,automobiles,art-design,style,,,,
scienceDD0cef71a2-c3a8-4653-ac4b-de8567fe78c0.txt,style,media,world,,,,
scienceDD0e166595-3af6-4fdf-a2f5-e047c68da55f.txt,science,environment,energy,world,,,
scienceDD1041a8ac-8038-48e6-a1d4-b8014f614597.txt,science,health,well,,,,
scienceDD1139e546-579b-4808-a5f5-05493fea7fcc.txt,health,well,,,,,
scienceDD116dc77f-b41b-40c8-8bb7-6506708a10c4.txt,real-estate,technology,,,,,
scienceDD11779268-d6b4-4e06-9e0b-c1ca1e6932fb.txt,travel,arts,movies,,,,
scienceDD124996c5-a1e8-4086-a04f-740102382e18.txt,science,environment,politics,election,,,
scienceDD128b48b5-6b06-4652-834c-c01ab40f332d.txt,science,environment,,,,,
scienceDD12f43a8f-9a4d-456b-ba87-81d84e373150.txt,asia-pacific,science,environment,,,,
scienceDD13e5c16b-04a6-4519-ba3f-dfc3f5ea6852.txt,europe,science,environment,,,,
scienceDD1426ccfe-991c-4294-a5c1-b52baa1c4e01.txt,science,environment,,,,,
scienceDD14b4fd6c-7730-4900-bd8f-69f3a6981ff1.txt,science,space-cosmos,,,,,
scienceDD14f27523-079d-47f4-ab0d-2dcbb757f62c.txt,sports,football-nfl,,,,,
scienceDD157dce0b-1998-474b-9f53-461ac6ebc8d2.txt,europe,economy,business,science,environment,,
scienceDD1650553b-9c27-4457-bcc8-d59b77c4fb82.txt,europe,politics,science,environment,,,
scienceDD16ada67f-9a47-479d-bd08-cd127ee71fbd.txt,terrorism,at-war,americas,,,,
scienceDD16cb503e-3f85-4be6-809b-f176568e3d8e.txt,health,health-guide,,,,,
scienceDD177b7853-952e-4ae9-9768-9478de0e1c46.txt,business,energy,markets,economy,,,
scienceDD17837be7-0c3c-489b-86a2-76eca4544411.txt,europe,science,environment,,,,
scienceDD17f41d42-fdad-4a47-afce-6663abb118a1.txt,politics,europe,science,environment,,,
scienceDD17f60bd1-3438-433f-a428-8f8a15062382.txt,politics,election,science,environment,,,
scienceDD180c6423-74cd-4c2a-af9d-2aeb13e961ba.txt,science,health,well,,,,
scienceDD184e66fa-b7bd-4b01-b856-4670e821b59c.txt,europe,business,science,energy,,,
scienceDD1872319a-374e-4f7d-bfe9-9dce25ae4ecb.txt,politics,election,,,,,
scienceDD193fce3a-7292-4d08-871e-90d269a7248f.txt,europe,science,environment,,,,
scienceDD1ac09cd1-5036-47b7-9c89-886fbe7b703a.txt,europe,science,environment,,,,
scienceDD1c356fe6-c09a-49c3-a5dd-68340931cfbf.txt,arts,theater,nyc-events-guide,,,,
scienceDD1cf30653-caaf-4134-be36-485218c8e83d.txt,terrorism,europe,at-war,world,,,
scienceDD1dc6a06e-15e3-4b0a-a146-919e6646195d.txt,dealbook,world,europe,politics,economy,,
scienceDD1dd9c7db-bea6-4d27-a3af-0236ee1be845.txt,arts,books,,,,,
scienceDD1f7ece19-5e2c-4a50-ad56-12e0fff9452d.txt,science,environment,asia-pacific,americas,,,
scienceDD207af19a-fc9a-4ae0-8f27-891ebd982904.txt,science,,,,,,
scienceDD213edefa-1d3b-4a02-8cea-bf5d2d20c88b.txt,world,science,environment,europe,,,
scienceDD21ebc331-dd27-4eb2-937b-1046f16b2524.txt,world,science,space-cosmos,asia-pacific,,,
scienceDD225517ac-a730-4ca7-8ea9-739548bdc4f8.txt,automobiles,technology,bits,,,,
scienceDD22645817-a161-455c-84e5-35bf9061fa6f.txt,science,space-cosmos,,,,,
scienceDD22a899ec-ac93-4e15-956f-b04e8c453080.txt,science,environment,world,europe,,,
scienceDD22cf60db-0aed-41e5-b865-4fa3870ceffd.txt,the-upshot,,,,,,
scienceDD23c8a071-d511-4860-8d26-4f3085d3900f.txt,books,arts,,,,,
scienceDD2407830b-7741-4898-b9ee-b28cd3c4ba99.txt,automobiles,media,markets,world,europe,,
scienceDD242d612d-9028-4f48-916d-0d7251a14baa.txt,science,space-cosmos,,,,,
scienceDD24a15fd7-bea1-4906-a5fa-999a8269395e.txt,books,terrorism,,,,,
scienceDD24bc6518-072b-4785-9901-4d01a466e262.txt,world,europe,environment,science,,,
scienceDD256367c2-46cc-4aed-bc62-68c2f7ba51ee.txt,technology,science,,,,,
scienceDD25a19f71-1244-49fb-87e1-32964c85e5fd.txt,science,environment,technology,world,europe,,
scienceDD25b5636f-f62f-442b-9f34-f8168db07af0.txt,real-estate,technology,,,,,
scienceDD26012d4a-504c-4d80-a347-a39d4b970633.txt,asia-pacific,crime,,,,,
scienceDD275bd63b-590c-4315-8cb1-e35372e48b1d.txt,world,science,environment,europe,,,
scienceDD2aead3b4-d31e-4f81-900e-a8dae91bc68d.txt,science,technology,space-cosmos,,,,
scienceDD2d035b15-ae21-4e3e-adf0-d5d31e6c0630.txt,business,dealbook,economy,asia-pacific,,,
scienceDD2dcfcc6f-3204-4467-aa5c-6856000a9e8f.txt,environment,world,europe,science,,,
scienceDD2de33956-7b25-4a52-bff3-67af39a63c68.txt,books,,,,,,
scienceDD2e8d14ba-54cc-4c93-8f65-286e1f39d8e4.txt,science,space-cosmos,bits,,,,
scienceDD2eb80351-553b-4da0-a256-fd67aad33b07.txt,science,space-cosmos,bits,,,,
scienceDD2f3e3d8c-b019-48e8-8886-d07e70654fbd.txt,style,beauty,on-the-runway,,,,
scienceDD31f2f374-230f-4958-b4a6-a167f508bbae.txt,middle-east,terrorism,world,,,,
scienceDD3308a3d8-f142-46c0-84ff-c32475aa3c2b.txt,science,environment,world,europe,,,
scienceDD33bd4eec-5a30-47f0-929f-6b2596d587a2.txt,health,well,politics,,,,
scienceDD3559344e-03ce-4f4a-a18d-a17e1506197a.txt,science,environment,,,,,
scienceDD35a13fd3-c355-4025-ba13-40cc6235716e.txt,asia-pacific,science,environment,india-ink,,,
scienceDD35de7a9a-6312-4ae5-af86-6ac55a3fe722.txt,terrorism,world,europe,,,,
scienceDD3631dfa4-7677-4793-996e-e5502b8c45fc.txt,space-cosmos,science,technology,,,,
scienceDD375b250b-47ad-4362-bf35-51b2aeae130e.txt,economy,world,europe,science,environment,,
scienceDD37b301b0-438f-43b8-9b9a-a1fe5677cf98.txt,science,space-cosmos,,,,,
scienceDD38d57a71-f336-4f5a-95a1-8360bf5b397c.txt,economy,money-policy,your-money,,,,
scienceDD38fb76f7-a119-47ac-8e90-e2404afcd4f6.txt,health,health-guide,,,,,
scienceDD3bd5ec9a-90bf-429f-80c2-a479832b6d9f.txt,americas,science,environment,world,,,
scienceDD3c387e25-dc3b-4717-8a3e-192d43898bfd.txt,science,environment,world,europe,,,
scienceDD3e0ad26b-37a1-4404-b37e-e00262a909d4.txt,money-policy,economy,,,,,
scienceDD3f3941bc-1470-4730-bdce-31207fb12c45.txt,politics,terrorism,americas,world,,,
scienceDD402d88dc-b85d-44b0-8eb8-058b591941c9.txt,science,space-cosmos,environment,,,,
scienceDD41f13022-a518-424d-a100-d0afde8cc353.txt,business,economy,markets,,,,
